-- phpMyAdmin SQL Dump
-- version 4.2.11
-- http://www.phpmyadmin.net
--
-- Host: 127.0.0.1
-- Generation Time: Jul 22, 2021 at 06:16 AM
-- Server version: 5.6.21
-- PHP Version: 7.3.12

SET SQL_MODE = "NO_AUTO_VALUE_ON_ZERO";
SET time_zone = "+00:00";


/*!40101 SET @OLD_CHARACTER_SET_CLIENT=@@CHARACTER_SET_CLIENT */;
/*!40101 SET @OLD_CHARACTER_SET_RESULTS=@@CHARACTER_SET_RESULTS */;
/*!40101 SET @OLD_COLLATION_CONNECTION=@@COLLATION_CONNECTION */;
/*!40101 SET NAMES utf8 */;

--
-- Database: `senbot`
--

-- --------------------------------------------------------

--
-- Table structure for table `active_session`
--

CREATE TABLE IF NOT EXISTS `active_session` (
`sessionid` int(10) NOT NULL,
  `session_role` int(10) NOT NULL,
  `session_task` varchar(255) NOT NULL,
  `session_status` int(5) NOT NULL,
  `session_username` varchar(20) NOT NULL
) ENGINE=InnoDB AUTO_INCREMENT=4 DEFAULT CHARSET=latin1;

--
-- Dumping data for table `active_session`
--

INSERT INTO `active_session` (`sessionid`, `session_role`, `session_task`, `session_status`, `session_username`) VALUES
(1, 1, 'Downloadingtech', 0, 'No Active User'),
(2, 2, 'Allocatingtech', 1, 'paynec'),
(3, 3, 'technician', 0, '');

-- --------------------------------------------------------

--
-- Table structure for table `completed_repairs`
--

CREATE TABLE IF NOT EXISTS `completed_repairs` (
`cr_id` int(10) NOT NULL,
  `jobcardno` varchar(20) NOT NULL,
  `fault` int(10) NOT NULL,
  `fleetno` varchar(5) NOT NULL,
  `status` varchar(15) NOT NULL,
  `datecreated` varchar(10) NOT NULL,
  `daterepaired` int(20) NOT NULL,
  `techcreator` varchar(20) NOT NULL,
  `my_date` date NOT NULL,
  `my_repair_date` date NOT NULL,
  `assignedtech` varchar(10) NOT NULL,
  `secondtech` varchar(20) NOT NULL,
  `secondtechname` varchar(100) NOT NULL,
  `repairdescription` varchar(255) NOT NULL,
  `closedby` int(10) NOT NULL
) ENGINE=InnoDB AUTO_INCREMENT=275 DEFAULT CHARSET=latin1;

--
-- Dumping data for table `completed_repairs`
--

INSERT INTO `completed_repairs` (`cr_id`, `jobcardno`, `fault`, `fleetno`, `status`, `datecreated`, `daterepaired`, `techcreator`, `my_date`, `my_repair_date`, `assignedtech`, `secondtech`, `secondtechname`, `repairdescription`, `closedby`) VALUES
(4, '29380', 14, 'OP23', 'completed', '1614849086', 1614850650, 'kudam', '2021-03-04', '2021-03-04', '1', 'None', 'none', 'Remounted the unit on a safer place', 1),
(5, '29381', 5, '289', 'completed', '1614853422', 1614854160, 'kingc', '2021-03-04', '2021-03-04', '8', 'None', 'none', 'restarted unit', 8),
(6, '29379', 8, '478', 'completed', '1614848407', 1614864639, 'kingc', '2021-03-04', '2021-03-04', '4', 'None', 'none', 'Faulty camera . No service exchange. I also changed the apn and the mvr is now connecting to the server', 4),
(7, '29382', 8, '485', 'completed', '1614862844', 1614864733, 'kingc', '2021-03-04', '2021-03-04', '4', 'None', 'none', 'Due to network related issues, the mvr took long to download clips. \r\nThe unit has a faulty incab camera and we do not have any stock', 4),
(8, '29383', 8, '474', 'completed', '1614867316', 1614869457, 'kingc', '2021-03-04', '2021-03-04', '4', 'None', 'none', 'Incab faulty. The camera was service exchanged and now faulty. No spares', 4),
(9, '29387', 11, '164', 'completed', '1614935473', 1614935592, 'kingc', '2021-03-05', '2021-03-05', '10', 'None', 'none', 'Changed code plug socket and reprogrammed key', 10),
(10, '29388', 1, '404', 'completed', '1614935484', 1614935629, 'kingc', '2021-03-05', '2021-03-05', '10', 'None', 'none', 'Reboot Unit', 10),
(11, '29391', 5, '450', 'completed', '1614944218', 1614947913, 'kingc', '2021-03-05', '2021-03-05', '11', 'None', 'none', 'Cleaned probe connectors and updated unit from version 30 to 37', 11),
(12, '29385', 5, '962', 'completed', '1614926426', 1614947991, 'pault', '2021-03-05', '2021-03-05', '11', 'None', 'none', 'Performed the probes', 11),
(13, '29384', 6, '110', 'completed', '1614868061', 1614950706, 'kingc', '2021-03-04', '2021-03-05', '8', 'None', 'none', 'Auto electricians fixed speed sensor', 8),
(14, '29389', 8, '472', 'completed', '1614941149', 1614955421, 'kingc', '2021-03-05', '2021-03-05', '4', 'None', 'none', 'The MVR is failing to connect to the server. Modem not initializing. We do not have service exchange', 4),
(15, '29386', 5, '429', 'completed', '1614930215', 1615002942, 'Paynec', '2021-03-05', '2021-03-06', '10', 'None', 'none', 'Put loca SIM card and restart unit to load calibration files', 10),
(16, '29390', 5, '273', 'completed', '1614944208', 1615024564, 'kingc', '2021-03-05', '2021-03-06', '11', 'None', 'none', 'Tank Replacement\r\nCut probe chapels\r\nPerformed the probes', 11),
(17, '29392', 5, '966', 'completed', '1615024116', 1615024813, 'kingc', '2021-03-06', '2021-03-06', '11', 'None', 'none', 'Fuel probe not reading fuel\r\nProbe 1 had faulty 1023\r\nCut chapels\r\nPerformed the probe\r\nCalibrated unit\r\nUpdated the software from version 37 to 38', 11),
(18, '29396', 1, '260', 'completed', '1615090483', 1615090985, 'kingc', '2021-03-07', '2021-03-07', '6', 'None', 'none', 'reconnected power cable', 6),
(19, '29399', 1, '196', 'completed', '1615258960', 1615259301, 'kingc', '2021-03-09', '2021-03-09', '6', '7', 'Matindife', 'Changed mini blade fuse', 7),
(20, '29395', 5, '205', 'completed', '1615042463', 1615270670, 'kingc', '2021-03-06', '2021-03-09', '11', 'None', 'none', 'Cut the chapels\r\nFaulty 1023 on probe 1\r\nPerformed the probe\r\nCalibrate the probes\r\nUpdated the software version', 11),
(21, '29402', 5, '117', 'completed', '1615300226', 1615319596, 'kingc', '2021-03-09', '2021-03-09', '10', 'None', 'none', '-replaced right tank  probe head\r\n-new probe head s/n 112422', 10),
(22, '29400', 5, '512', 'completed', '1615300197', 1615353677, 'kingc', '2021-03-09', '2021-03-10', '10', '8', 'Chitowa', 'failed to complete repair no tools to open tanks', 8),
(23, '29398', 5, '903', 'completed', '1615213917', 1615379054, 'ChrisN', '2021-03-08', '2021-03-10', '11', 'None', 'none', 'Changed Probe heads', 11),
(24, '29403', 5, '368', 'completed', '1615301853', 1615386327, 'ChrisN', '2021-03-09', '2021-03-10', '10', '8', 'Chitowa', 'Changed tanks', 10),
(25, '29405', 5, '464', 'completed', '1615380377', 1615440404, 'kingc', '2021-03-10', '2021-03-11', '10', 'None', 'none', 'Restarted Unit', 10),
(26, '29406', 1, '251', 'completed', '1615440491', 1615440558, 'kingc', '2021-03-11', '2021-03-11', '10', 'None', 'none', 'Checked Fuses and harness , restarted unit', 10),
(27, '29404', 5, '501', 'completed', '1615379327', 1615441244, 'kingc', '2021-03-10', '2021-03-11', '10', 'None', 'none', 'No Probe heads', 10),
(28, '29397', 2, '111', 'completed', '1615211456', 1615443725, 'ChrisN', '2021-03-08', '2021-03-11', '8', 'None', 'Chitowa', 'connected manual RPM', 8),
(29, '29401', 19, '351', 'completed', '1615300209', 1615443764, 'kingc', '2021-03-09', '2021-03-11', '8', 'None', 'none', 'Installed new tanks', 8),
(30, '29407', 5, '148', 'completed', '1615451703', 1615474637, 'kingc', '2021-03-11', '2021-03-11', '11', 'None', 'none', 'Probe 2 not working\r\nCut the chapels\r\nPerformed new probe\r\nSim card not working/ To be replaced by a night tech', 11),
(31, '29408', 5, '201', 'completed', '1615465378', 1615474850, 'kingc', '2021-03-11', '2021-03-11', '11', 'None', 'none', 'Replaced non working probe\r\ncut the chapels\r\nPerformed the probe\r\nRestarted the unit', 11),
(32, '29409', 5, '155', 'completed', '1615465389', 1615474913, 'kingc', '2021-03-11', '2021-03-11', '11', 'None', 'none', 'Checked the probes\r\nReplaced blown fuses\r\nRestarted the unit', 11),
(33, '29414', 2, '10', 'completed', '1615540150', 1615542860, 'Kudam', '2021-03-12', '2021-03-12', '1', '', 'none', 'disregard this it was for testing purpose', 1),
(34, '29411', 4, '932', 'completed', '1615527353', 1615545414, 'kingc', '2021-03-12', '2021-03-12', '10', 'None', 'none', 'Changed GPS antenna', 10),
(35, '29412', 11, '155', 'completed', '1615527473', 1615545481, 'kingc', '2021-03-12', '2021-03-12', '10', 'None', 'none', 'Changed Code Plug Socket', 10),
(36, '29413', 2, '106', 'completed', '1615527530', 1615545533, 'kingc', '2021-03-12', '2021-03-12', '10', 'None', 'none', 'changed pick up point', 10),
(37, '29415', 5, '242', 'completed', '1615542674', 1615559453, 'Kudam', '2021-03-12', '2021-03-12', '11', 'None', 'none', 'Cut the chapels\r\nReplaced probes\r\nPerformed the probes\r\nRestarted the unit', 11),
(38, '29410', 5, '293', 'completed', '1615467578', 1615559662, 'kingc', '2021-03-11', '2021-03-12', '11', '10', 'Subaru', 'Replaced the blown fuses\r\nReplaced unit which was not picking probes\r\nPerformed the probes\r\nRestarted the unit', 11),
(39, '29416', 5, '160', 'completed', '1615546003', 1615559745, 'kingc', '2021-03-12', '2021-03-12', '11', 'None', 'none', 'Replaced the faulty probe\r\nPerformed the probes\r\nRestarted the unit\r\nReplaced blown fuse', 11),
(40, '29418', 5, '438', 'completed', '1615546033', 1615559902, 'kingc', '2021-03-12', '2021-03-12', '11', 'None', 'none', 'Checked the N Value of probes\r\nOne of the probe plugs was loose\r\nInserted local sim for restarting', 11),
(41, '29417', 5, '282', 'completed', '1615546014', 1615641202, 'kingc', '2021-03-12', '2021-03-13', '11', 'None', 'none', 'Changed Tanks\r\nPerformed probes\r\nReplaced faulty probe\r\nRestarted the unit', 11),
(42, '29419', 5, '162', 'completed', '1615628374', 1615641289, 'kingc', '2021-03-13', '2021-03-13', '11', 'None', 'none', 'Performed the probes\r\nRestarted the unit\r\nCalibrated the unit', 11),
(43, '29421', 5, '288', 'completed', '1615628455', 1615641365, 'kingc', '2021-03-13', '2021-03-13', '11', 'None', 'none', 'Faulty probe\r\nReplaced probe head\r\nPerformed the probe\r\nRestarted the unit', 11),
(44, '29420', 5, '228', 'completed', '1615628403', 1615723831, 'kingc', '2021-03-13', '2021-03-14', '11', '1', 'Masangomai', 'restarted unit', 1),
(45, '29422', 19, '228', 'completed', '1615723854', 1615723917, 'Kudam', '2021-03-14', '2021-03-14', '1', 'None', 'none', 'serial numbers h86r and h86l', 1),
(46, '29423', 5, '914', 'completed', '1615793431', 1615809247, 'Kudam', '2021-03-15', '2021-03-15', '11', 'None', 'none', 'Checked the probes\r\nRestarted the unit', 11),
(47, '29424', 5, '123', 'completed', '1615793444', 1615809367, 'Kudam', '2021-03-15', '2021-03-15', '11', 'None', 'none', 'Cut the chapels\r\nPerformed the probes\r\nRemoved a right side probe which could not be performed\r\nChanged the coil\r\nRestarted the unit', 11),
(48, '29429', 5, '950', 'completed', '1615888647', 1615894474, 'kingc', '2021-03-16', '2021-03-16', '1', 'None', 'none', 'Performed the fuel probes', 1),
(49, '29428', 5, '923', 'completed', '1615888636', 1615894519, 'kingc', '2021-03-16', '2021-03-16', '1', 'None', 'none', 'Restarted The Unit', 1),
(50, '29425', 1, 'S39', 'completed', '1615798735', 1615906149, 'Kudam', '2021-03-15', '2021-03-16', '11', 'None', 'none', 'Requires batteries to power it up', 11),
(51, '29427', 5, '156', 'completed', '1615888582', 1615906366, 'kingc', '2021-03-16', '2021-03-16', '11', 'None', 'none', 'Faulty probes\r\n2 probes -faulty 1023\r\nPerformed the probes and replaced one probe\r\nRestarted the unit', 11),
(52, '29431', 5, '950', 'completed', '1615906198', 1615906588, 'Paynec', '2021-03-16', '2021-03-16', '11', 'None', 'none', 'Inspect probe\r\nPerformed the probes\r\nRestarted the unit', 11),
(53, '29426', 5, '159', 'completed', '1615888569', 1615912738, 'kingc', '2021-03-16', '2021-03-16', '11', '6', 'Chauruka', 'Performed probe on the right tank', 6),
(54, '29432', 1, '927', 'completed', '1615931381', 1615931514, 'kingc', '2021-03-16', '2021-03-16', '6', 'None', 'none', 'CHANGED GPS ANTENA', 6),
(55, '29433', 1, '258', 'completed', '1615931393', 1615931540, 'kingc', '2021-03-16', '2021-03-16', '6', 'None', 'none', 'CHANGED MINI BLADE FUSE', 6),
(56, '29435', 5, '957', 'completed', '1615976174', 1615976238, 'Paynec', '2021-03-17', '2021-03-17', '8', 'None', 'none', 'Changed Tanks H51L and H51R', 8),
(57, '29437', 16, '257', 'completed', '1615991885', 1616041090, 'kingc', '2021-03-17', '2021-03-18', '6', 'None', 'none', 'Changed pick up point', 6),
(58, '29438', 8, '502', 'completed', '1616045621', 1616045734, 'kingc', '2021-03-18', '2021-03-18', '6', 'None', 'none', 'Camera working but was out of position . So it was remounted', 6),
(59, '29436', 5, '911', 'completed', '1615981070', 1616054141, 'kingc', '2021-03-17', '2021-03-18', '8', 'None', 'none', 'upgraded firmaware', 8),
(60, '29434', 5, '970', 'completed', '1615967871', 1616054209, 'kingc', '2021-03-17', '2021-03-18', '8', 'None', 'none', 'failed to complete repair', 8),
(61, '29441', 5, '119', 'completed', '1616079934', 1616079988, 'kingc', '2021-03-18', '2021-03-18', '1', 'None', 'none', 'changed the tanks and performed the probes', 1),
(62, '29442', 5, '119', 'completed', '1616138413', 1616138737, 'kingc', '2021-03-19', '2021-03-19', '11', 'None', 'none', 'Changed tanks\r\nPerformed the probes\r\nRestarted the unit', 11),
(63, '29439', 5, '189', 'completed', '1616057865', 1616138868, 'kingc', '2021-03-18', '2021-03-19', '11', 'None', 'none', 'Performed the probes\r\nRestarted the unit\r\nReplaced faulty probe head', 11),
(64, '29445', 5, '908', 'completed', '1616139294', 1616159347, 'kingc', '2021-03-19', '2021-03-19', '11', 'None', 'none', 'Replaced faulty probes\r\nPerformed the probes\r\nRestarted the probes\r\nReplaced blown fuse', 11),
(65, '29444', 19, '157', 'completed', '1616139186', 1616159404, 'kingc', '2021-03-19', '2021-03-19', '11', 'None', 'none', 'Changed tanks\r\nPerformed the probes\r\nRestarted the probes', 11),
(66, '29443', 1, '976', 'completed', '1616139141', 1616160114, 'kingc', '2021-03-19', '2021-03-19', '11', 'None', 'none', 'Replaced blown fuse', 11),
(67, '29446', 5, '393', 'completed', '1616242106', 1616242652, 'kingc', '2021-03-20', '2021-03-20', '11', 'None', 'none', 'Replaced blown fuse\r\nInsert local sim for restarting purpose\r\nPerformed the probes\r\nRestarted and calibrated the unit', 11),
(68, '29447', 5, '265', 'completed', '1616242118', 1616242721, 'kingc', '2021-03-20', '2021-03-20', '11', 'None', 'none', 'Replaced faulty probe\r\nPerformed the probe\r\nRestarted the unit', 11),
(69, '29448', 5, '213', 'completed', '1616242131', 1616242737, 'kingc', '2021-03-20', '2021-03-20', '11', 'None', 'none', 'Replaced faulty probe\r\nPerformed the probe\r\nRestarted the unit', 11),
(70, '29449', 1, '207', 'completed', '1616244738', 1616245010, 'kingc', '2021-03-20', '2021-03-20', '11', 'None', 'none', 'Replaced blown fuse\r\nRestarted the unit', 11),
(71, '29440', 6, '975', 'completed', '1616079878', 1616303753, 'kingc', '2021-03-18', '2021-03-21', '10', 'None', 'none', 'changed pickup point', 10),
(72, '29452', 23, '976', 'completed', '1616313386', 1616313533, 'Kudam', '2021-03-21', '2021-03-21', '10', 'None', 'none', 'Reconnected the wire', 10),
(73, '29450', 24, '355', 'completed', '1616252131', 1616336231, 'kingc', '2021-03-20', '2021-03-21', '1', 'None', 'none', 'changed  pick up point', 1),
(74, '29453', 5, '981', 'completed', '1616336361', 1616393112, 'Kudam', '2021-03-21', '2021-03-22', '10', 'None', 'none', 'Changed right Tank probe head', 10),
(75, '29454', 1, '929', 'completed', '1616392955', 1616393140, 'Kudam', '2021-03-22', '2021-03-22', '10', 'None', 'none', 'Rebooted the Unit', 10),
(76, '29456', 25, '362', 'completed', '1616425184', 1616425264, 'Kudam', '2021-03-22', '2021-03-22', '4', 'None', 'none', 'Fitted the drive cam camera', 4),
(77, '29451', 5, '235', 'completed', '1616252139', 1616425572, 'kingc', '2021-03-20', '2021-03-22', '5', 'None', 'none', 'change fuses ,probe head needs to be changed ,we dont have working probe head', 5),
(78, '29457', 25, '505', 'completed', '1616425238', 1616425680, 'Kudam', '2021-03-22', '2021-03-22', '5', 'None', 'none', 'reattached the camera  to the screen', 5),
(79, '29455', 19, '165', 'completed', '1616420823', 1616425738, 'ChrisN', '2021-03-22', '2021-03-22', '5', 'None', 'none', 'removed the tank replaced with new tank .Tatenda to put seals', 5),
(80, '29459', 5, '395', 'completed', '1616483182', 1616511632, 'kingc', '2021-03-23', '2021-03-23', '11', 'None', 'none', 'Repaired probes', 11),
(81, '29460', 8, '395', 'completed', '1616511290', 1616511652, 'kingc', '2021-03-23', '2021-03-23', '11', 'None', 'none', 'Replaced camera fuse', 11),
(82, '29458', 19, '901', 'completed', '1616483172', 1616511723, 'kingc', '2021-03-23', '2021-03-23', '5', 'None', 'none', 'Changed tanks and performed probes\r\nChanged 1 faulty probe', 5),
(83, '29465', 5, '968', 'completed', '1616669387', 1616680279, 'Kudam', '2021-03-25', '2021-03-25', '5', 'None', 'none', 'Changed all probe heads left and right ,reperfomed them and tested fuels', 5),
(84, '29461', 7, '204', 'completed', '1616660541', 1616681478, 'Kudam', '2021-03-25', '2021-03-25', '11', 'None', 'none', 'Reconnected the disconnected unit\r\nRestored the unit and restarted it', 11),
(85, '29430', 5, '131', 'completed', '1615888792', 1616681579, 'kingc', '2021-03-16', '2021-03-25', '11', 'None', 'none', 'Still under workshop/ accident damaged\r\nTo be fixed after workshop', 11),
(86, '29463', 5, '204', 'completed', '1616661618', 1616682583, 'Kudam', '2021-03-25', '2021-03-25', '11', 'None', 'none', 'Replaced blown fuse\r\nRestarted the unit', 11),
(87, '29466', 5, '992', 'completed', '1616742839', 1616824071, 'kingc', '2021-03-26', '2021-03-27', '11', 'None', 'none', 'Replaced faulty probe\r\nPerformed the probe\r\nRestarted the unit', 11),
(88, '29467', 5, '279', 'completed', '1616742865', 1616830526, 'kingc', '2021-03-26', '2021-03-27', '11', 'None', 'none', 'Replaced faulty probe head\r\nperformed the probe\r\nRestarted the unit', 11),
(89, '29471', 5, '270', 'completed', '1616754463', 1616830624, 'kingc', '2021-03-26', '2021-03-27', '11', 'None', 'none', 'Replaced blown fuses\r\nPerformed the probe\r\nRestarted the unit', 11),
(90, '29473', 5, '151', 'completed', '1616770364', 1616830690, 'kingc', '2021-03-26', '2021-03-27', '11', 'None', 'none', 'Changed the tanks\r\nPerformed the probes\r\n1 probe cannot be performed but functioning\r\nRestarted the unit', 11),
(91, '29470', 6, '992', 'completed', '1616748675', 1616833971, 'kingc', '2021-03-26', '2021-03-27', '8', 'None', 'none', 'uploaded properties', 8),
(92, '29469', 5, '109', 'completed', '1616744249', 1617029841, 'kingc', '2021-03-26', '2021-03-29', '11', 'None', 'none', 'No spares\r\nTo be attended when spares are available', 11),
(93, '29476', 5, '169', 'completed', '1617025730', 1617029878, 'kingc', '2021-03-29', '2021-03-29', '11', 'None', 'none', 'No spares\r\nTo be attended when spares are available', 11),
(94, '29475', 23, '118', 'completed', '1617003979', 1617029940, 'ChrisN', '2021-03-29', '2021-03-29', '11', '10', 'Subaru', 'Reassigned to Tatenda', 11),
(95, '29477', 7, '120', 'completed', '1617029931', 1617115951, 'kingc', '2021-03-29', '2021-03-30', '11', 'None', 'none', 'Replaced blown fuse\r\nReplaced relay', 11),
(96, '29483', 19, '275', 'completed', '1617107945', 1617116597, 'kingc', '2021-03-30', '2021-03-30', '11', 'None', 'none', 'Changed tanks\r\nNo spares the other probe could not be performed', 11),
(97, '29482', 19, '960', 'completed', '1617107936', 1617116660, 'kingc', '2021-03-30', '2021-03-30', '11', 'None', 'none', 'Changed tanks\r\nOne probe not working\r\nNo spares', 11),
(98, '29486', 26, '121', 'completed', '1617116160', 1617134171, 'kingc', '2021-03-30', '2021-03-30', '6', 'None', 'none', 'odometer changed', 6),
(99, '29464', 5, '211', 'completed', '1616661627', 1617134194, 'Kudam', '2021-03-25', '2021-03-30', '6', 'None', 'none', 'repaired', 6),
(100, '29468', 19, '151', 'completed', '1616743589', 1617172515, 'kingc', '2021-03-26', '2021-03-31', '8', 'None', 'none', 'Changed Tanks \r\nFitted H175L and H175R', 8),
(101, '29472', 5, '965', 'completed', '1616763023', 1617172543, 'kingc', '2021-03-26', '2021-03-31', '8', 'None', 'none', 'No Spare Probes', 8),
(102, '29485', 24, '188', 'completed', '1617115950', 1617199057, 'kingc', '2021-03-30', '2021-03-31', '8', 'None', 'none', 'Repalced FM unit Fitted FM3617i Sno 0649TE076188', 8),
(103, '29481', 19, '102', 'completed', '1617107921', 1617199098, 'kingc', '2021-03-30', '2021-03-31', '11', '6', 'Chauruka', 'Done', 8),
(104, '29487', 7, '168', 'completed', '1617212618', 1617213561, 'kingc', '2021-03-31', '2021-03-31', '6', 'None', 'none', 'Changed fuse and uploaded properties', 6),
(105, '29478', 5, '973', 'completed', '1617030008', 1617258177, 'kingc', '2021-03-29', '2021-04-01', '10', 'None', 'none', 'No spares', 10),
(106, '29479', 5, '185', 'completed', '1617030024', 1617258216, 'kingc', '2021-03-29', '2021-04-01', '10', 'None', 'none', 'No service exchange unit', 10),
(107, '29480', 5, '448', 'completed', '1617030033', 1617258238, 'kingc', '2021-03-29', '2021-04-01', '10', 'None', 'none', 'Replaced head', 10),
(108, '29474', 5, '998', 'completed', '1616770485', 1617259511, 'kingc', '2021-03-26', '2021-04-01', '7', 'None', 'none', 'Checked fuses, needs probe replacement\r\nNo service exchange unit', 7),
(109, '29489', 5, '205', 'completed', '1617289214', 1617290098, 'kingc', '2021-04-01', '2021-04-01', '6', 'None', 'none', 'restarted unit', 6),
(110, '29484', 7, '280', 'completed', '1617115936', 1617361272, 'kingc', '2021-03-30', '2021-04-02', '11', 'None', 'none', 'Replaced blown fuse\r\nReplaced faulty FM Unit\r\nReplaced 3316 FM unit with FM 3517i IMEI #354869050414838\r\nFixed bypassed starter cut', 11),
(111, '29491', 27, '136', 'completed', '1617360499', 1617361359, 'kingc', '2021-04-02', '2021-04-02', '11', 'None', 'none', 'Changed tanks\r\nPerformed the probes\r\nReplaced blown fuse\r\n2*2Amp fuses\r\nRestarted the unit', 11),
(112, '29488', 8, '478', 'completed', '1617287362', 1617369403, 'kingc', '2021-04-01', '2021-04-02', '4', 'None', 'none', 'Checked to see if the mvr was connecting to server. \r\nChecked if cameras were working. Cameras not working no service exchange', 0),
(113, '29490', 5, '255', 'completed', '1617360438', 1617441573, 'kingc', '2021-04-02', '2021-04-03', '11', 'None', 'none', 'Installation of new tanks\r\nReplaced blown fuses\r\nPerformed the probes\r\nRestarted the unit', 11),
(114, '29492', 19, '979', 'completed', '1617441713', 1617445458, 'kingc', '2021-04-03', '2021-04-03', '11', 'None', 'none', 'Changed tanks\r\nReplaced the fuses\r\nProbes partially working\r\nRestarted the unit', 11),
(115, '29462', 5, '198', 'completed', '1616661607', 1617686869, 'Kudam', '2021-03-25', '2021-04-06', '1', 'None', 'none', 'Needs probe head replacement.\r\nNo service exchange unit', 1),
(116, '29494', 2, '366', 'completed', '1617712189', 1617848377, 'kingc', '2021-04-06', '2021-04-08', '6', '6', 'Chauruka', 'changed pickup point', 6),
(117, '29499', 1, '446', 'completed', '1617851348', 1617851525, 'kingc', '2021-04-08', '2021-04-08', '6', 'None', 'none', 'traced and found that unit had no permanent power so i changed the power pick up point', 6),
(118, '29500', 7, '446', 'completed', '1617851367', 1617851542, 'kingc', '2021-04-08', '2021-04-08', '6', 'None', 'none', 'traced and found that unit had no permanent power so i changed the power pick up point', 6),
(119, '29496', 19, '366', 'completed', '1617783618', 1617868438, 'kingc', '2021-04-07', '2021-04-08', '7', 'None', 'none', '-perfomed both probes\r\n-re-calibrated', 7),
(120, '29498', 8, '446', 'completed', '1617806366', 1617868486, 'kingc', '2021-04-07', '2021-04-08', '7', 'None', 'none', '-put and secured new harness\r\n-changed power converter', 7),
(121, '29505', 19, '153', 'completed', '1617888907', 1617893569, 'kingc', '2021-04-08', '2021-04-08', '7', 'None', 'none', '-changed tanks and put H164L & H164R\r\n-recalibrated probes', 7),
(122, '29502', 5, '111', 'completed', '1617888856', 1617951040, 'kingc', '2021-04-08', '2021-04-09', '11', 'None', 'none', 'Performed the probes\r\nReplaced faulty probe\r\nRestarted the unit\r\nReplaced blown fuses', 11),
(123, '29504', 27, '187', 'completed', '1617888886', 1617951142, 'kingc', '2021-04-08', '2021-04-09', '11', 'None', 'none', 'Replaced the tanks\r\nPerformed the probes\r\nReplaced faulty probe\r\nRestarted the unit\r\nReplaced blown fuses', 11),
(124, '29506', 1, '140', 'completed', '1617888923', 1617951223, 'kingc', '2021-04-08', '2021-04-09', '11', 'None', 'none', 'Replaced blown fuse', 11),
(125, '29509', 28, 'OP13', 'completed', '1617891534', 1617976100, 'kingc', '2021-04-08', '2021-04-09', '8', 'None', 'none', 'calibrated RPM', 8),
(126, '29495', 5, '443', 'completed', '1617783447', 1617976148, 'kingc', '2021-04-07', '2021-04-09', '8', 'None', 'none', 'performed probes and health check', 8),
(127, '29507', 6, '111', 'completed', '1617891147', 1617979729, 'kingc', '2021-04-08', '2021-04-09', '10', 'None', 'none', 'changed pickup point', 10),
(128, '29508', 2, '186', 'completed', '1617891184', 1617979927, 'kingc', '2021-04-08', '2021-04-09', '10', 'None', 'none', 'changed pickup point', 10),
(129, '29512', 1, '150', 'completed', '1618172998', 1618173876, 'Kudam', '2021-04-11', '2021-04-11', '6', 'None', 'none', 'changed blade fuse', 6),
(130, '29510', 5, '107', 'completed', '1617976176', 1618322498, 'kingc', '2021-04-09', '2021-04-13', '11', 'None', 'none', 'Replaced non working probe\r\nPerformed the probe\r\nRestarted the unit', 11),
(131, '29511', 19, '299', 'completed', '1617976194', 1618322564, 'kingc', '2021-04-09', '2021-04-13', '11', 'None', 'none', 'Replaced blown fuses\r\nPerformed the probe\r\nRestarted the unit\r\nReplaced non working probe', 11),
(132, '29513', 5, '448', 'completed', '1618323004', 1618324160, 'kingc', '2021-04-13', '2021-04-13', '11', 'None', 'none', 'Replaced blown fuses\r\nReplaced faulty probe head\r\nRestarted the unit', 11),
(133, '29514', 5, '912', 'completed', '1618323025', 1618324258, 'kingc', '2021-04-13', '2021-04-13', '7', 'None', 'none', '-checked probe fuses\r\n- tested both probes and re-performed\r\n- changed tank 2 probe', 7),
(134, '29515', 19, '234', 'completed', '1618323180', 1618324374, 'kingc', '2021-04-13', '2021-04-13', '11', 'None', 'none', 'Water in tank 2\r\nReplaced tanks\r\nWater in tank 2\r\nReplaced non working probe head\r\nRestarted the unit', 11),
(135, '29516', 5, '391', 'completed', '1618324441', 1618324665, 'kingc', '2021-04-13', '2021-04-13', '11', 'None', 'none', 'Replaced faulty probe head\r\nNeed fuse replacement', 11),
(136, '29517', 5, '381', 'completed', '1618324462', 1618394513, 'kingc', '2021-04-13', '2021-04-14', '7', 'None', 'none', '-checked both probes\r\n-changed probe 2 head\r\n-re-perfomed probes', 7),
(137, '29518', 19, '912', 'completed', '1618391606', 1618394642, 'kingc', '2021-04-14', '2021-04-14', '7', 'None', 'none', '- re-performed probes\r\n- new tanks H143L and H143R\r\n- checked calibrations', 7),
(138, '29519', 5, '407', 'completed', '1618496880', 1618497384, 'kingc', '2021-04-15', '2021-04-15', '11', 'None', 'none', 'Replaced now working probe head\r\nPerformed the probe\r\nRestarted the unit', 11),
(139, '29521', 5, '488', 'completed', '1618496915', 1618497467, 'kingc', '2021-04-15', '2021-04-15', '11', 'None', 'none', 'Replaced faulty probe head\r\nPerformed the probe\r\nReplaced blown fuse\r\nRestarted the unit', 11),
(140, '29522', 5, '102', 'completed', '1618577787', 1618584677, 'kingc', '2021-04-16', '2021-04-16', '11', 'None', 'none', 'Replaced the faulty probe\r\nRestarted the unit', 11),
(141, '29524', 19, '997', 'completed', '1618661348', 1618666192, 'kingc', '2021-04-17', '2021-04-17', '11', 'None', 'none', 'Replaced linking tank with tank serial number H32R\r\nRestarted the unit', 11),
(142, '29523', 5, '154', 'completed', '1618577799', 1618914296, 'kingc', '2021-04-16', '2021-04-20', '8', 'None', 'none', 'no spares', 8),
(143, '29520', 5, '166', 'completed', '1618496894', 1618990041, 'kingc', '2021-04-15', '2021-04-21', '7', 'None', 'none', '- checked both probes\r\n-checked harnesses\r\n-changed 1 probe head\r\n-re-performed probes', 7),
(144, '29532', 19, '225', 'completed', '1618926922', 1618990152, 'kingc', '2021-04-20', '2021-04-21', '7', 'None', 'none', '-checked probes\r\n-could not change probe heads, no exchange heads', 7),
(145, '29531', 19, '375', 'completed', '1618842220', 1619072128, 'kingc', '2021-04-19', '2021-04-22', '11', 'None', 'none', 'Changed tanks\r\nFaulty probe head\r\nNo spares', 11),
(146, '29497', 8, '472', 'completed', '1617799435', 1619161950, 'kingc', '2021-04-07', '2021-04-23', '4', 'None', 'none', 'Modem not initializing. \r\nChecked to see if the apn and server details were correct. \r\nConfirmed if the sim card had data. \r\n\r\nAfter checking the above, the MVR still could not connect to the server.\r\n\r\nTo resolve issue we need service exchange. The curre', 4),
(147, '29530', 5, '386', 'completed', '1618842190', 1619172514, 'kingc', '2021-04-19', '2021-04-23', '11', 'None', 'none', 'Replaced blown fuse\r\nFixed probe head with blown fuse\r\nRestarted the unit', 11),
(148, '29533', 5, '989', 'completed', '1619163841', 1619172679, 'kingc', '2021-04-23', '2021-04-23', '11', 'None', 'none', 'Replaced loose fuse on the probe head\r\nRemoved silicon blocking the breathers on the road\r\nUpdated the software\r\nRestarted the unit', 11),
(149, '29535', 5, '165', 'completed', '1619514096', 1619532765, 'Kudam', '2021-04-27', '2021-04-27', '7', 'None', 'none', '- checked both probes\r\n- replaced probe 1\r\n- reperformed both probes', 7),
(150, '29536', 5, '472', 'completed', '1619514108', 1619532845, 'Kudam', '2021-04-27', '2021-04-27', '11', 'None', 'none', 'both probes were fixed and then restarted unit', 1),
(151, '29537', 19, '930', 'completed', '1619534125', 1619535058, 'Kudam', '2021-04-27', '2021-04-27', '7', 'None', 'none', '- changed tanks\r\n- reperformed probes\r\n- restarted unit', 7),
(152, '29539', 5, '435', 'completed', '1619534154', 1619535066, 'Kudam', '2021-04-27', '2021-04-27', '11', 'None', 'none', 'performed the probes after replacing the sim card', 1),
(153, '29538', 19, '931', 'completed', '1619534140', 1619535341, 'Kudam', '2021-04-27', '2021-04-27', '11', 'None', 'none', 'replaced tanks and performed probes', 1),
(154, '29534', 1, '198', 'completed', '1619505109', 1619688655, 'Kudam', '2021-04-27', '2021-04-29', '10', 'None', 'none', 'replaced blown fuse', 1),
(155, '29543', 19, '147', 'completed', '1619703674', 1619704545, 'Kudam', '2021-04-29', '2021-04-29', '7', 'None', 'none', 'replaced tanks and installed new tanks with the following serial numbers\r\nH247R and H247L', 1),
(156, '29542', 19, '400', 'completed', '1619703661', 1619704582, 'Kudam', '2021-04-29', '2021-04-29', '7', 'None', 'none', 'replaced with new tanks.\r\nH257R and H257L', 1),
(157, '29541', 19, '149', 'completed', '1619703647', 1619705464, 'Kudam', '2021-04-29', '2021-04-29', '7', 'None', 'none', 'replaced the tanks.\r\nH205R and H205L', 1),
(158, '29544', 5, '512', 'completed', '1619786687', 1619790712, 'Kudam', '2021-04-30', '2021-04-30', '11', 'None', 'none', 'replaced the probe copper wire', 1),
(159, '29547', 19, '378', 'completed', '1619786741', 1619790763, 'Kudam', '2021-04-30', '2021-04-30', '11', 'None', 'none', 'replaced tanks .serial numbers x122l and x122r', 1),
(160, '29546', 19, '949', 'completed', '1619786727', 1619790827, 'Kudam', '2021-04-30', '2021-04-30', '11', 'None', 'none', 'replaced tanks .serial numbers h157l and h157r', 1),
(161, '29545', 19, '986', 'completed', '1619786714', 1619790865, 'Kudam', '2021-04-30', '2021-04-30', '11', 'None', 'none', 'Replaced tanks serial numbers is h298r and h298l', 1),
(162, '29540', 1, '278', 'completed', '1619689925', 1619791125, 'Kudam', '2021-04-29', '2021-04-30', '7', 'None', 'none', 'restarted the unit it had hanged', 1),
(163, '29549', 5, '968', 'completed', '1620131600', 1620138588, 'Kudam', '2021-05-04', '2021-05-04', '8', 'None', 'none', 'replaced both probe heads and unit \r\nvehicle to be monitored', 8),
(164, '29548', 1, '900', 'completed', '1620109856', 1620139002, 'Kudam', '2021-05-04', '2021-05-04', '11', 'None', 'none', 'replaced the blown fuse', 1),
(165, '29550', 5, '474', 'completed', '1620138576', 1620200589, 'Kudam', '2021-05-04', '2021-05-05', '11', 'None', 'none', 'replaced coil', 8),
(166, '29551', 5, '492', 'completed', '1620225634', 1620283334, 'kingc', '2021-05-05', '2021-05-06', '8', 'None', 'none', 'replaced blown fuse on probe head', 8),
(167, '29553', 25, '383', 'completed', '1620454289', 1620454339, 'Kudam', '2021-05-08', '2021-05-08', '8', 'None', 'none', 'Re mounted the camera back', 1),
(168, '29552', 15, '110', 'completed', '1620312870', 1620454396, 'Kudam', '2021-05-06', '2021-05-08', '11', 'None', 'none', 'change can from j1939 to 1708 and changed can speed to vss', 1),
(169, '29555', 25, '458', 'completed', '1620454466', 1620454542, 'Kudam', '2021-05-08', '2021-05-08', '11', 'None', 'none', 'Remounted the camera', 1),
(170, '29558', 5, '985', 'completed', '1620470959', 1620471008, 'Kudam', '2021-05-08', '2021-05-08', '11', 'None', 'none', 'changed the calibration files from 620 t0 660', 1),
(171, '29559', 5, '156', 'completed', '1620726515', 1620734062, 'Kudam', '2021-05-11', '2021-05-11', '8', 'None', 'none', 'performed probe', 8),
(172, '29560', 5, '107', 'completed', '1620734191', 1620734237, 'Kudam', '2021-05-11', '2021-05-11', '8', 'None', 'none', 'Replaced one probe on right tank', 1),
(173, '29556', 5, '904', 'completed', '1620470765', 1620742888, 'Kudam', '2021-05-08', '2021-05-11', '8', 'None', 'none', 'performed probes', 8),
(174, '29563', 22, '408', 'completed', '1620742570', 1620796297, 'Paynec', '2021-05-11', '2021-05-12', '2', 'None', 'none', 'Camera Mounted', 2),
(175, '29565', 11, '912', 'completed', '1620798295', 1620798430, 'kingc', '2021-05-12', '2021-05-12', '2', 'None', 'none', 'uploaded properties the properties and reprogrammed driver key', 2),
(176, '29569', 8, '377', 'completed', '1620822955', 1620826401, 'Kudam', '2021-05-12', '2021-05-12', '4', 'None', 'none', '-Repositioned Camera\r\n-Connected drive cam fuse', 4),
(177, '29566', 19, '198', 'completed', '1620798838', 1620826448, 'Kudam', '2021-05-12', '2021-05-12', '8', 'None', 'none', 'installed new tanks s/n h224r and h224l', 1),
(178, '29561', 5, '198', 'completed', '1620734290', 1620826463, 'Kudam', '2021-05-11', '2021-05-12', '8', 'None', 'none', 'installed new tanks s/n h224r and h224l', 1),
(179, '29568', 17, 'MB5', 'completed', '1620806322', 1620826718, 'Kudam', '2021-05-12', '2021-05-12', '4', 'None', 'none', 'Replaced faulty blown permanent power fuse.\r\nReplaced faulty blown ignition fuse.\r\nChecked to see if MVR was working by accessing MVR via the software. \r\nTested the FM unit and discovered that the RPM was not working. Soldered the broken rpm cable\r\nand re', 4),
(180, '29564', 5, '198', 'completed', '1620742633', 1620831636, 'Paynec', '2021-05-11', '2021-05-12', '8', 'None', 'none', 'changed tanks', 1),
(181, '29567', 17, '198', 'completed', '1620802662', 1620831656, 'Kudam', '2021-05-12', '2021-05-12', '8', 'None', 'none', 'changed unit', 1),
(182, '29562', 4, '286', 'completed', '1620741852', 1620884714, 'Kudam', '2021-05-11', '2021-05-13', '8', 'None', 'none', 'restarted fm unit', 1),
(183, '29572', 5, '214', 'completed', '1620893806', 1620898852, 'Kudam', '2021-05-13', '2021-05-13', '8', 'None', 'none', 'replaced coil on probe 2', 8),
(184, '29574', 4, '139', 'completed', '1620912821', 1620912865, 'Kudam', '2021-05-13', '2021-05-13', '8', 'None', 'none', 'Changed gps antenna', 1),
(185, '29573', 5, '214', 'completed', '1620912015', 1620912949, 'Kudam', '2021-05-13', '2021-05-13', '8', 'None', 'none', 'replaced the copper wire inside probe', 1),
(186, '29576', 1, '297', 'completed', '1621319175', 1621319226, 'Kudam', '2021-05-18', '2021-05-18', '6', 'None', 'none', 'replaced blown fuse', 1),
(187, '29554', 11, '458', 'completed', '1620454441', 1621319256, 'Kudam', '2021-05-08', '2021-05-18', '11', 'None', 'none', 'Changed relay', 11),
(188, '29575', 31, '486', 'completed', '1621319162', 1621319268, 'Kudam', '2021-05-18', '2021-05-18', '6', 'None', 'none', 'installed the ignition as it was off', 1),
(189, '29571', 17, '116', 'completed', '1620893784', 1621319343, 'Kudam', '2021-05-13', '2021-05-18', '6', 'None', 'none', 'downloaded with 3 plugs', 1),
(190, '29557', 29, '151', 'completed', '1620470823', 1621319867, 'Kudam', '2021-05-08', '2021-05-18', '11', 'None', 'none', 'Replaced blown probe fuse\r\nPerformed the probe restarted the probe.', 11),
(191, '29579', 1, '993', 'completed', '1621344755', 1621348337, 'Kudam', '2021-05-18', '2021-05-18', '4', 'None', 'none', 'Replaced blown fuse', 4),
(192, '29584', 8, '477', 'completed', '1621348401', 1621348856, 'KudziJ', '2021-05-18', '2021-05-18', '4', 'None', 'none', 'MVR serial Number: 0874CA011229 Part Number, 440FT0874. Missing SD card. Installed new SD.\r\nThe MVR was a service exchange from Thabang.\r\nInformed Thabang via email and he took it up with Mix for a way forward. Awaiting response', 4),
(193, '29585', 8, '475', 'completed', '1621348431', 1621349014, 'KudziJ', '2021-05-18', '2021-05-18', '4', 'None', 'none', '475 was reporting MMC  card errors. Replaced faulty SD card.', 4),
(194, '29582', 7, '105', 'completed', '1621347381', 1621419350, 'Kudam', '2021-05-18', '2021-05-19', '8', 'None', 'none', 'downloading pot was not working', 1),
(195, '29590', 1, '105', 'completed', '1621406328', 1621419432, 'Kudam', '2021-05-19', '2021-05-19', '8', 'None', 'none', 'replaced blown fuse', 1),
(196, '29591', 5, '412', 'completed', '1621423627', 1621424221, 'Kudam', '2021-05-19', '2021-05-19', '8', 'None', 'none', 'one probe terminal was corroded. removed the rust', 1),
(197, '29592', 5, '289', 'completed', '1621423648', 1621424233, 'Kudam', '2021-05-19', '2021-05-19', '8', 'None', 'none', 'one probe terminal was corroded. removed the rust', 1),
(198, '29589', 5, '113', 'completed', '1621349602', 1621429263, 'Kudam', '2021-05-18', '2021-05-19', '8', 'None', 'none', 'removed fuse from probe head', 8),
(199, '29581', 24, '972', 'completed', '1621347361', 1621495761, 'Kudam', '2021-05-18', '2021-05-20', '6', 'None', 'none', 'changed the unit from 3316 to 3617i', 6),
(200, '29593', 24, '105', 'completed', '1621489163', 1621495831, 'Paynec', '2021-05-20', '2021-05-20', '6', 'None', 'none', 'changed unit from 3000 to 3617c and immobilized it', 6),
(201, '29594', 1, '963', 'completed', '1621495891', 1621495932, 'Kudam', '2021-05-20', '2021-05-20', '6', 'None', 'none', 'changed GPS antenna', 1),
(202, '29595', 1, '147', 'completed', '1621516593', 1621516785, 'Kudam', '2021-05-20', '2021-05-20', '11', 'None', 'none', 'the unit had hanged so we restarted the unit', 1),
(203, '29597', 5, '289', 'completed', '1621516637', 1621516811, 'Kudam', '2021-05-20', '2021-05-20', '11', 'None', 'none', 'performed the probe', 1),
(204, '29596', 5, '964', 'completed', '1621516619', 1621516863, 'Kudam', '2021-05-20', '2021-05-20', '11', 'None', 'none', 'installed new tanks and performed probes', 1),
(205, '29578', 5, '486', 'completed', '1621319557', 1621516954, 'Kudam', '2021-05-18', '2021-05-20', '11', 'None', 'none', 'perfomed probes', 1),
(206, '29580', 5, '272', 'completed', '1621347344', 1621523076, 'Kudam', '2021-05-18', '2021-05-20', '11', 'None', 'none', 'Fixed blown fuse\r\nReplaced faulty probe\r\nRestarted the unit', 11),
(207, '29588', 5, '278', 'completed', '1621349575', 1621523092, 'Kudam', '2021-05-18', '2021-05-20', '11', 'None', 'none', 'Fixed blown fuse\r\nReplaced faulty probe\r\nRestarted the unit', 11),
(208, '29598', 19, '128', 'completed', '1621516666', 1621523103, 'Kudam', '2021-05-20', '2021-05-20', '11', 'None', 'none', 'Fixed blown fuse\r\nReplaced faulty probe\r\nRestarted the unit', 11),
(209, '29586', 24, '993', 'completed', '1621348546', 1621581100, 'Kudam', '2021-05-18', '2021-05-21', '2', 'None', 'none', 'replaced FM unit from 3316 old version to 3316 new version', 2),
(210, '29602', 5, '987', 'completed', '1621694873', 1621694941, 'Kudam', '2021-05-22', '2021-05-22', '8', 'None', 'none', 'installed new tanks', 1),
(211, '29601', 5, '166', 'completed', '1621694863', 1621694961, 'Kudam', '2021-05-22', '2021-05-22', '11', 'None', 'none', 'installed new tanks', 1),
(212, '29570', 17, '217', 'completed', '1620826345', 1621969939, 'Kudam', '2021-05-12', '2021-05-25', '8', '6', 'Chaurika', 'swapped units with fm 3617i', 6),
(213, '29603', 1, '443', 'completed', '1621969840', 1621969982, 'kingc', '2021-05-25', '2021-05-25', '6', 'None', 'none', 'Restarted unit using termite', 6),
(214, '29611', 19, '386', 'completed', '1622788810', 1622788887, 'Paynec', '2021-06-04', '2021-06-04', '6', 'None', 'none', 'Changed Tanks on 01/06/2021', 8),
(215, '29609', 19, '180', 'completed', '1622644549', 1622959649, 'Kudam', '2021-06-02', '2021-06-06', '6', 'None', 'none', 'changed tanks and preformed probes', 6),
(216, '29610', 19, '938', 'completed', '1622644618', 1622959675, 'Kudam', '2021-06-02', '2021-06-06', '6', 'None', 'none', 'changed tanks and performed probes', 6),
(217, '29613', 19, '142', 'completed', '1622959956', 1622960125, 'kingc', '2021-06-06', '2021-06-06', '6', 'None', 'none', 'changed 1 faulty probe and performed both of them. changed tanks', 6),
(218, '29614', 19, '150', 'completed', '1622959970', 1622960168, 'kingc', '2021-06-06', '2021-06-06', '6', 'None', 'none', 'changed tanks and preformed both probes', 6),
(219, '29607', 19, '987', 'completed', '1622036032', 1623136317, 'Kudam', '2021-05-26', '2021-06-08', '8', 'None', 'none', 'Replaced Tanks H212R and H212L', 8),
(220, '29605', 5, '970', 'completed', '1622036008', 1623136567, 'Kudam', '2021-05-26', '2021-06-08', '8', 'None', 'none', 'Performed probe heads', 8),
(221, '29599', 5, '451', 'completed', '1621694829', 1623136836, 'Kudam', '2021-05-22', '2021-06-08', '8', 'None', 'none', 'replaced probe head', 8),
(222, '29587', 5, '104', 'completed', '1621349467', 1623137032, 'Kudam', '2021-05-18', '2021-06-08', '8', 'None', 'none', 'replaced left probe', 8),
(223, '29583', 5, '916', 'completed', '1621348200', 1623137257, 'Kudam', '2021-05-18', '2021-06-08', '8', 'None', 'none', 'replaced both both probes', 8),
(224, '29604', 5, '120', 'completed', '1622035996', 1623137800, 'Kudam', '2021-05-26', '2021-06-08', '8', 'None', 'none', 'replaced probe', 8),
(225, '29600', 5, '270', 'completed', '1621694848', 1623138310, 'Kudam', '2021-05-22', '2021-06-08', '11', 'None', 'none', 'performed probes', 8),
(226, '29615', 5, '249', 'completed', '1623305980', 1623306159, 'kingc', '2021-06-10', '2021-06-10', '6', 'None', 'none', 'Changed probe harness fuse. Also repaired the probes.', 6),
(227, '29616', 30, '154', 'completed', '1623306363', 1623306754, 'kingc', '2021-06-10', '2021-06-10', '6', 'None', 'none', 'changed the faulty probe', 6),
(228, '29617', 3, '918', 'completed', '1623325340', 1623325460, 'kingc', '2021-06-10', '2021-06-10', '6', 'None', 'none', 'Calibrated 918', 6),
(229, '29618', 19, '266', 'completed', '1623330715', 1623330816, 'kingc', '2021-06-10', '2021-06-10', '6', 'None', 'none', 'changed tanks and performed probes', 6),
(230, '29619', 29, '960', 'completed', '1623489152', 1623489238, 'Kudam', '2021-06-12', '2021-06-12', '8', 'None', 'none', 'no probes to do repairs', 1),
(231, '29606', 5, '160', 'completed', '1622036020', 1623490250, 'Kudam', '2021-05-26', '2021-06-12', '8', 'None', 'none', 'replaced probe cables', 8),
(232, '29620', 19, '448', 'completed', '1623764943', 1623765265, 'kingc', '2021-06-15', '2021-06-15', '6', 'None', 'none', 'Changed both tanks, recoiled probe 1 and performed both probes.', 6),
(233, '29621', 5, '133', 'completed', '1623764970', 1623765302, 'kingc', '2021-06-15', '2021-06-15', '6', 'None', 'none', 'Recoiled and performed  probe 2', 6),
(234, '29622', 5, '268', 'completed', '1623847868', 1623848069, 'kingc', '2021-06-16', '2021-06-16', '6', 'None', 'none', 'Restarted unit for it to pick calibration files', 6),
(235, '29623', 5, '250', 'completed', '1623847891', 1623848146, 'kingc', '2021-06-16', '2021-06-16', '6', 'None', 'none', 'checked and cleaned the probe 1 rod.', 6),
(236, '29624', 29, '400', 'completed', '1623849929', 1623850407, 'kingc', '2021-06-16', '2021-06-16', '6', 'None', 'none', 'replaced probe2  fuse and restarted unit.', 6),
(237, '29625', 5, '217', 'completed', '1624005776', 1624005818, 'Paynec', '2021-06-18', '2021-06-18', '8', 'None', 'none', 'restarted unit', 8),
(238, '29626', 19, '920', 'completed', '1624174241', 1624174367, 'kingc', '2021-06-20', '2021-06-20', '6', 'None', 'none', 'Changed tanks and performed both probes', 6),
(239, '29627', 19, '134', 'completed', '1624185923', 1624185994, 'kingc', '2021-06-20', '2021-06-20', '6', 'None', 'none', 'changed tanks and performed probes', 6),
(240, '29628', 29, '282', 'completed', '1624348008', 1624348231, 'kingc', '2021-06-22', '2021-06-22', '6', 'None', 'none', 'Performed probe 2 and gave it network address 2', 6),
(241, '29629', 34, '389', 'completed', '1624630876', 1624630971, 'kingc', '2021-06-25', '2021-06-25', '6', 'None', 'none', 'Reconnected those probes and sealed the connection.', 6),
(242, '29631', 5, '968', 'completed', '1624948179', 1624948311, 'Paynec', '2021-06-29', '2021-06-29', '8', 'None', 'none', 'Water in Tanks to be replaced', 8),
(243, '29630', 5, '997', 'completed', '1624948161', 1624948341, 'Paynec', '2021-06-29', '2021-06-29', '8', 'None', 'none', 'replaced probe head', 8),
(244, '29608', 5, '979', 'completed', '1622211977', 1624948578, 'Kudam', '2021-05-28', '2021-06-29', '11', 'None', 'none', 'performed probes', 8),
(245, '29632', 19, '916', 'completed', '1624952491', 1624952632, 'Paynec', '2021-06-29', '2021-06-29', '8', 'None', 'none', 'fiteed tanks serial numbers H11R and H11L', 8),
(246, '29633', 19, '994', 'completed', '1624952527', 1624961310, 'Paynec', '2021-06-29', '2021-06-29', '8', 'None', 'none', 'Fitted tanks Serial numbers H55R and H55L', 8),
(247, '29636', 5, '243', 'completed', '1624978160', 1624978556, 'kingc', '2021-06-29', '2021-06-29', '8', 'None', 'none', 'no probe spares', 8),
(248, '29635', 5, '945', 'completed', '1624978151', 1624978584, 'kingc', '2021-06-29', '2021-06-29', '8', 'None', 'none', 'no probe heads', 8),
(249, '29634', 5, '192', 'completed', '1624978134', 1624978614, 'kingc', '2021-06-29', '2021-06-29', '8', 'None', 'none', 'no probe heads', 8),
(250, '29637', 35, '477', 'completed', '1625038751', 1625038836, 'Kudam', '2021-06-30', '2021-06-30', '1', 'None', 'none', 'Replaced the sdcard', 1),
(251, '29638', 35, '490', 'completed', '1625038760', 1625038856, 'Kudam', '2021-06-30', '2021-06-30', '1', 'None', 'none', 'replaced the sd card', 1),
(252, '29639', 5, '292', 'completed', '1625048228', 1625048306, 'Paynec', '2021-06-30', '2021-06-30', '8', 'None', 'none', 'replaced probe coils', 8),
(253, '29642', 19, '968', 'completed', '1625151067', 1625151137, 'Paynec', '2021-07-01', '2021-07-01', '8', 'None', 'none', 'Changed Tanks Fitted X34R and H85R', 8),
(254, '29641', 19, '923', 'completed', '1625150998', 1625151195, 'Paynec', '2021-07-01', '2021-07-01', '8', 'None', 'none', 'Fitted tanks H220R and H220L', 8),
(255, '29640', 19, '146', 'completed', '1625150982', 1625151259, 'Paynec', '2021-07-01', '2021-07-01', '8', 'None', 'none', 'Changed tanks Fitted H40L and H40R', 8),
(256, '29643', 30, '428', 'completed', '1625317785', 1625317953, 'kingc', '2021-07-03', '2021-07-03', '6', 'None', 'none', 'repaired left probe and performed it', 6),
(257, '29644', 19, '258', 'completed', '1625317798', 1625317976, 'kingc', '2021-07-03', '2021-07-03', '6', 'None', 'none', 'changed tanks on 258', 6),
(258, '29645', 1, '440', 'completed', '1625385715', 1625385760, 'Paynec', '2021-07-04', '2021-07-04', '8', 'None', 'none', 'restarted unit', 8),
(259, '29646', 27, '289', 'completed', '1625471500', 1625471585, 'Paynec', '2021-07-05', '2021-07-05', '8', 'None', 'none', 'replaced left probe', 8),
(260, '29647', 35, '478', 'completed', '1625487265', 1625487840, 'Kudam', '2021-07-05', '2021-07-05', '1', 'None', 'none', 'replaced a 32 gg sd card with a 64 gg sdcard', 1),
(261, '29648', 5, '159', 'completed', '1625488904', 1625488980, 'Paynec', '2021-07-05', '2021-07-05', '8', 'None', 'none', 'Performed probes', 8),
(262, '29649', 5, '918', 'completed', '1625581407', 1625581457, 'Paynec', '2021-07-06', '2021-07-06', '8', 'None', 'none', 'Replaced blown right  Probe', 8),
(263, '29650', 6, '143', 'completed', '1625722241', 1625722307, 'Paynec', '2021-07-08', '2021-07-08', '8', 'None', 'none', 'checked VSS and secured speed plug', 8),
(264, '29651', 5, '223', 'completed', '1625747212', 1625747327, 'kingc', '2021-07-08', '2021-07-08', '6', 'None', 'none', 'untucked the probe cover, recoiled and performed the probe 2', 6),
(265, '29652', 19, '145', 'completed', '1625748785', 1625748897, 'Paynec', '2021-07-08', '2021-07-08', '8', 'None', 'none', 'Fitted tanks H309R and H309L', 8),
(266, '29654', 19, '981', 'completed', '1625912336', 1625912419, 'kingc', '2021-07-10', '2021-07-10', '6', 'None', 'none', 'changed left tank and performed probe', 6),
(267, '29655', 35, '484', 'completed', '1626071625', 1626071686, 'Kudam', '2021-07-12', '2021-07-12', '1', 'None', 'none', 'Changed the sdcard from a 32gig to a 64 gig', 1),
(268, '29656', 19, '105', 'completed', '1626071730', 1626071819, 'Paynec', '2021-07-12', '2021-07-12', '8', 'None', 'none', 'replaced tanks s/no H115R and H115L', 8),
(269, '29653', 19, '271', 'completed', '1625748801', 1626071878, 'Paynec', '2021-07-08', '2021-07-12', '8', 'None', 'none', 'Replaced Tanks S/no H198R and H198L', 8),
(270, '29658', 19, '966', 'completed', '1626167593', 1626167710, 'Paynec', '2021-07-13', '2021-07-13', '8', 'None', 'none', 'Changed  tanks H239R and H239L', 8),
(271, '29659', 19, '175', 'completed', '1626171671', 1626171761, 'Paynec', '2021-07-13', '2021-07-13', '8', 'None', 'none', 'Replaced tanks Serial number H173R and 173L', 8),
(272, '29664', 19, '406', 'completed', '1626343370', 1626343542, 'kingc', '2021-07-15', '2021-07-15', '6', 'None', 'none', 'Changed tanks and performed probes', 6),
(273, '29665', 19, '377', 'completed', '1626343383', 1626343569, 'kingc', '2021-07-15', '2021-07-15', '6', 'None', 'none', 'Changed tanks and performed probes', 6),
(274, '29660', 2, '207', 'completed', '1626186391', 1626899840, 'kingc', '2021-07-13', '2021-07-21', '1', 'None', 'none', 'kaaaaaaaaaaaaaaaaaaaaaaaaaaaaaaaaaaaa', 1);

-- --------------------------------------------------------

--
-- Table structure for table `faults`
--

CREATE TABLE IF NOT EXISTS `faults` (
`faultid` int(11) NOT NULL,
  `faults` varchar(100) NOT NULL
) ENGINE=InnoDB AUTO_INCREMENT=36 DEFAULT CHARSET=latin1;

--
-- Dumping data for table `faults`
--

INSERT INTO `faults` (`faultid`, `faults`) VALUES
(1, 'GT Not Reporting'),
(2, 'No Rpm'),
(3, 'No Certificate'),
(4, 'No Fm Gps'),
(5, 'Inspect Probe'),
(6, 'No Speed'),
(7, 'Fm Unit Not Powering'),
(8, 'Camera Not Working'),
(9, 'Undereading Speed'),
(10, 'No Trailer Id'),
(11, 'Vehicle not starting'),
(12, 'No Panic Button'),
(13, 'No Tacho Data'),
(14, 'Loose FM Unit'),
(15, 'Speed Spike'),
(16, 'Under reading Speed'),
(17, 'Fm Not Downloading Via Gprs'),
(18, 'Licking tank'),
(19, 'Changing Tanks'),
(22, 'Mount Camera'),
(23, 'No Buzzer'),
(24, 'No Speed and Rpm'),
(25, 'Fallen Camera'),
(26, 'Change odometer'),
(27, 'Inspect Probe and Changed Probes'),
(28, 'RPM Calibration'),
(29, 'one probe not working'),
(30, 'fuel probe connected -1'),
(31, 'Fm No ignition'),
(32, 'FM Not Downloading'),
(33, 'picking 1 probe only'),
(34, 'Probes Disconnected '),
(35, 'Change Sd Card');

-- --------------------------------------------------------

--
-- Table structure for table `fleet`
--

CREATE TABLE IF NOT EXISTS `fleet` (
  `fleetno` varchar(10) NOT NULL,
  `team` varchar(10) NOT NULL,
  `country` varchar(10) NOT NULL,
  `type` varchar(11) NOT NULL,
  `regnumber` varchar(20) NOT NULL
) ENGINE=InnoDB DEFAULT CHARSET=latin1;

--
-- Dumping data for table `fleet`
--

INSERT INTO `fleet` (`fleetno`, `team`, `country`, `type`, `regnumber`) VALUES
('0', '', '', '0', ''),
('10', ' Golf', '', '0', ''),
('101', ' Golf', '', '0', ''),
('102', ' Golf', '', '0', ''),
('103', ' Golf', '', '0', ''),
('104', ' Golf', '', '0', ''),
('105', ' Golf', '', '0', ''),
('106', ' Golf', '', '0', ''),
('107', ' Golf', '', '0', ''),
('108', ' Golf', '', '0', ''),
('109', ' Golf', '', '0', ''),
('110', ' Golf', '', '0', ''),
('1100', ' Howo', '', '0', ''),
('1101', ' Howo', '', '0', ''),
('1102', ' Howo', '', '0', ''),
('1103', ' Howo', '', '0', ''),
('1104', ' Howo', '', '0', ''),
('1105', ' Howo', '', '0', ''),
('1106', ' Howo', '', '0', ''),
('1107', ' Howo', '', '0', ''),
('1108', ' Howo', '', '0', ''),
('1109', ' Howo', '', '0', ''),
('111', ' Golf', '', '0', ''),
('1110', ' Howo', '', '0', ''),
('1111', ' Howo', '', '0', ''),
('1112', ' Howo', '', '0', ''),
('1113', ' Howo', '', '0', ''),
('1114', ' Howo', '', '0', ''),
('1115', ' Howo', '', '0', ''),
('1116', ' Howo', '', '0', ''),
('1117', ' Howo', '', '0', ''),
('1118', ' Howo', '', '0', ''),
('1119', ' Howo', '', '0', ''),
('112', ' Golf', '', '0', ''),
('1120', ' Howo', '', '0', ''),
('1121', ' Howo', '', '0', ''),
('1122', ' Howo', '', '0', ''),
('1123', ' Howo', '', '0', ''),
('1124', ' Howo', '', '0', ''),
('1125', ' Howo', '', '0', ''),
('1126', ' Howo', '', '0', ''),
('1127', ' Howo', '', '0', ''),
('1128', ' Howo', '', '0', ''),
('1129', ' Howo', '', '0', ''),
('113', ' Golf', '', '0', ''),
('1130', ' Howo', '', '0', ''),
('1131', ' Howo', '', '0', ''),
('1132', ' Howo', '', '0', ''),
('1133', ' Howo', '', '0', ''),
('1134', ' Howo', '', '0', ''),
('1135', ' Howo', '', '0', ''),
('1136', ' Howo', '', '0', ''),
('1137', ' Howo', '', '0', ''),
('1138', ' Howo', '', '0', ''),
('1139', ' Howo', '', '0', ''),
('114', ' Golf', '', '0', ''),
('1140', ' Howo', '', '0', ''),
('1141', ' Howo', '', '0', ''),
('1142', ' Howo', '', '0', ''),
('1143', ' Howo', '', '0', ''),
('1144', ' Howo', '', '0', ''),
('1145', ' Howo', '', '0', ''),
('1146', ' Howo', '', '0', ''),
('1147', ' Howo', '', '0', ''),
('1148', ' Howo', '', '0', ''),
('1149', ' Howo', '', '0', ''),
('115', ' Golf', '', '0', ''),
('1151', ' Howo', '', '0', ''),
('1152', ' Howo', '', '0', ''),
('1153', ' Howo', '', '0', ''),
('1154', ' Howo', '', '0', ''),
('1155', ' Howo', '', '0', ''),
('1156', ' Howo', '', '0', ''),
('1157', ' Howo', '', '0', ''),
('1158', ' Howo', '', '0', ''),
('1159', ' Howo', '', '0', ''),
('116', ' Golf', '', '0', ''),
('1160', ' Howo', '', '0', ''),
('1161', ' Howo', '', '0', ''),
('1162', ' Howo', '', '0', ''),
('1163', ' Howo', '', '0', ''),
('1164', ' Howo', '', '0', ''),
('1165', ' Howo', '', '0', ''),
('1166', ' Howo', '', '0', ''),
('1167', ' Howo', '', '0', ''),
('1168', ' Howo', '', '0', ''),
('1169', ' Howo', '', '0', ''),
('117', ' Golf', '', '0', ''),
('1170', ' Howo', '', '0', ''),
('1171', ' Howo', '', '0', ''),
('1172', ' Howo', '', '0', ''),
('1173', ' Howo', '', '0', ''),
('1174', ' Howo', '', '0', ''),
('1175', ' Howo', '', '0', ''),
('1176', ' Howo', '', '0', ''),
('1177', ' Howo', '', '0', ''),
('1178', ' Howo', '', '0', ''),
('1179', ' Howo', '', '0', ''),
('118', ' Golf', '', '0', ''),
('1180', 'Howo ', '', '0', ''),
('1181', ' Howo', '', '0', ''),
('1182', ' Howo', '', '0', ''),
('1183', ' Howo', '', '0', ''),
('119', ' Golf', '', '0', ''),
('120', ' Golf', '', '0', ''),
('121', ' Golf', '', '0', ''),
('122', ' Golf', '', '0', ''),
('123', ' Golf', '', '0', ''),
('124', ' Golf', '', '0', ''),
('125', ' Golf', '', '0', ''),
('126', ' Golf', '', '0', ''),
('127', ' Golf', '', '0', ''),
('128', ' Golf', '', '0', ''),
('129', ' Golf', '', '0', ''),
('130', ' Golf', '', '0', ''),
('131', ' Golf', '', '0', ''),
('132', ' Golf', '', '0', ''),
('133', 'Delta', '', '0', ''),
('134', 'Delta', '', '0', ''),
('136', 'Delta', '', '0', ''),
('137', 'Delta', '', '0', ''),
('138', 'Delta', '', '0', ''),
('139', 'Delta', '', '0', ''),
('140', 'Delta', '', '0', ''),
('141', 'Delta', '', '0', ''),
('142', 'Delta', '', '0', ''),
('143', 'Delta', '', '0', ''),
('144', 'Delta', '', '0', ''),
('145', 'Delta', '', '0', ''),
('146', 'Delta', '', '0', ''),
('147', 'Delta', '', '0', ''),
('148', 'Delta', '', '0', ''),
('149', 'Delta', '', '0', ''),
('150', 'Delta', '', '0', ''),
('151', 'Delta', '', '0', ''),
('152', 'Delta', '', '0', ''),
('153', 'Delta', '', '0', ''),
('154', 'Delta', '', '0', ''),
('155', 'Delta', '', '0', ''),
('156', 'Delta', '', '0', ''),
('157', 'Delta', '', '0', ''),
('158', 'Delta', '', '0', ''),
('159', 'Delta', '', '0', ''),
('160', 'elta ', '', '0', ''),
('161', 'Delta', '', '0', ''),
('162', 'Delta', '', '0', ''),
('163', 'Delta', '', '0', ''),
('164', 'Delta', '', '0', ''),
('165', 'Delta', '', '0', ''),
('166', 'Delta', '', '0', ''),
('167', 'Delta', '', '0', ''),
('168', 'Delta', '', '0', ''),
('169', 'Delta', '', '0', ''),
('170', 'Delta', '', '0', ''),
('171', 'Delta', '', '0', ''),
('172', 'Delta', '', '0', ''),
('173', 'Delta', '', '0', ''),
('174', 'Delta', '', '0', ''),
('175', 'Delta', '', '0', ''),
('176', 'Delta', '', '0', ''),
('177', 'Delta', '', '0', ''),
('178', 'Delta', '', '0', ''),
('179', 'Delta', '', '0', ''),
('180', 'Delta', '', '0', ''),
('181', 'Delta', '', '0', ''),
('182', 'Delta', '', '0', ''),
('183', 'Delta', '', '0', ''),
('184', 'Delta', '', '0', ''),
('185', 'elta ', '', '0', ''),
('186', 'Delta', '', '0', ''),
('187', 'Delta', '', '0', ''),
('188', 'Delta', '', '0', ''),
('189', 'elta ', '', '0', ''),
('190', 'elta ', '', '0', ''),
('191', 'Delta', '', '0', ''),
('192', 'elta ', '', '0', ''),
('193', 'Delta', '', '0', ''),
('194', 'Delta', '', '0', ''),
('195', ' Golf', '', '0', ''),
('196', ' Golf', '', '0', ''),
('197', ' Golf', '', '0', ''),
('198', ' Golf', '', '0', ''),
('199', ' Golf', '', '0', ''),
('200', ' Golf', '', '0', ''),
('201', ' Golf', '', '0', ''),
('202', ' Golf', '', '0', ''),
('203', ' Golf', '', '0', ''),
('204', ' Golf', '', '0', ''),
('205', ' Golf', '', '0', ''),
('206', ' Golf', '', '0', ''),
('207', ' Golf', '', '0', ''),
('208', ' Golf', '', '0', ''),
('209', ' Golf', '', '0', ''),
('210', ' Golf', '', '0', ''),
('211', ' Golf', '', '0', ''),
('212', ' Golf', '', '0', ''),
('213', ' Golf', '', '0', ''),
('214', 'Delta', '', '0', ''),
('215', 'Delta', '', '0', ''),
('216', 'Delta', '', '0', ''),
('217', 'Delta', '', '0', ''),
('218', 'Delta', '', '0', ''),
('219', 'Delta', '', '0', ''),
('220', 'Delta', '', '0', ''),
('222', 'Delta', '', '0', ''),
('223', 'elta ', '', '0', ''),
('224', 'Delta', '', '0', ''),
('225', 'Delta', '', '0', ''),
('226', 'Delta', '', '0', ''),
('227', 'Delta', '', '0', ''),
('228', 'Delta', '', '0', ''),
('229', 'Delta', '', '0', ''),
('230', 'Delta', '', '0', ''),
('231', 'Delta', '', '0', ''),
('232', 'Delta', '', '0', ''),
('233', ' Golf', '', '0', ''),
('234', ' Golf', '', '0', ''),
('235', ' Golf', '', '0', ''),
('236', ' Golf', '', '0', ''),
('237', ' Golf', '', '0', ''),
('238', ' Golf', '', '0', ''),
('239', ' Golf', '', '0', ''),
('240', ' Golf', '', '0', ''),
('241', ' Golf', '', '0', ''),
('242', ' Golf', '', '0', ''),
('243', 'Golf ', '', '0', ''),
('244', ' Golf', '', '0', ''),
('245', ' Golf', '', '0', ''),
('246', ' Golf', '', '0', ''),
('248', 'Golf ', '', '0', ''),
('249', ' Golf', '', '0', ''),
('250', ' Golf', '', '0', ''),
('251', ' Golf', '', '0', ''),
('252', ' Golf', '', '0', ''),
('253', ' Golf', '', '0', ''),
('254', 'Delta', '', '0', ''),
('255', ' Golf', '', '0', ''),
('256', ' Golf', '', '0', ''),
('257', ' Golf', '', '0', ''),
('258', ' Golf', '', '0', ''),
('259', ' Golf', '', '0', ''),
('260', ' Golf', '', '0', ''),
('261', ' Golf', '', '0', ''),
('262', ' Golf', '', '0', ''),
('263', ' Golf', '', '0', ''),
('264', ' Golf', '', '0', ''),
('265', ' Golf', '', '0', ''),
('266', ' Golf', '', '0', ''),
('267', ' Golf', '', '0', ''),
('268', 'Golf ', '', '0', ''),
('269', 'Delta', '', '0', ''),
('270', 'Delta', '', '0', ''),
('271', 'Delta', '', '0', ''),
('272', 'elta ', '', '0', ''),
('273', 'Delta', '', '0', ''),
('274', 'Delta', '', '0', ''),
('275', 'Delta', '', '0', ''),
('276', 'Delta', '', '0', ''),
('277', 'Golf ', '', '0', ''),
('278', ' Golf', '', '0', ''),
('279', ' Golf', '', '0', ''),
('280', ' Golf', '', '0', ''),
('281', ' Golf', '', '0', ''),
('282', ' Golf', '', '0', ''),
('283', ' Golf', '', '0', ''),
('284', ' Golf', '', '0', ''),
('285', ' Golf', '', '0', ''),
('286', ' Golf', '', '0', ''),
('287', ' Golf', '', '0', ''),
('288', ' Golf', '', '0', ''),
('289', ' Golf', '', '0', ''),
('290', ' Golf', '', '0', ''),
('291', 'elta ', '', '0', ''),
('292', 'Delta', '', '0', ''),
('293', 'elta ', '', '0', ''),
('294', 'Delta', '', '0', ''),
('295', 'Delta', '', '0', ''),
('296', 'Golf ', '', '0', ''),
('297', ' Golf', '', '0', ''),
('298', ' Golf', '', '0', ''),
('299', ' Golf', '', '0', ''),
('300', ' Golf', '', '0', ''),
('350', ' Golf', '', '0', ''),
('351', ' Golf', '', '0', ''),
('352', ' Golf', '', '0', ''),
('353', ' Golf', '', '0', ''),
('354', ' Golf', '', '0', ''),
('355', ' Golf', '', '0', ''),
('356', ' Golf', '', '0', ''),
('357', ' Golf', '', '0', ''),
('358', ' Golf', '', '0', ''),
('359', ' Golf', '', '0', ''),
('360', ' Golf', '', '0', ''),
('361', 'Golf ', '', '0', ''),
('362', ' Golf', '', '0', ''),
('363', ' Golf', '', '0', ''),
('365', ' Golf', '', '0', ''),
('366', ' Golf', '', '0', ''),
('367', ' Golf', '', '0', ''),
('368', ' Golf', '', '0', ''),
('369', ' Golf', '', '0', ''),
('371', ' Golf', '', '0', ''),
('372', ' Golf', '', '0', ''),
('373', ' Golf', '', '0', ''),
('374', ' Golf', '', '0', ''),
('375', 'Delta', '', '0', ''),
('376', 'Delta', '', '0', ''),
('377', 'Delta', '', '0', ''),
('378', 'Delta', '', '0', ''),
('379', 'Delta', '', '0', ''),
('380', 'Delta', '', '0', ''),
('381', 'Delta', '', '0', ''),
('382', 'Delta', '', '0', ''),
('383', 'Delta', '', '0', ''),
('384', 'Delta', '', '0', ''),
('385', 'Delta', '', '0', ''),
('386', 'Delta', '', '0', ''),
('387', 'Delta', '', '0', ''),
('388', 'Delta', '', '0', ''),
('389', 'Delta', '', '0', ''),
('390', 'Delta', '', '0', ''),
('391', 'Delta', '', '0', ''),
('392', 'Delta', '', '0', ''),
('393', 'Delta', '', '0', ''),
('394', 'Delta', '', '0', ''),
('395', 'Delta', '', '0', ''),
('396', 'Delta', '', '0', ''),
('397', 'Delta', '', '0', ''),
('398', 'Delta', '', '0', ''),
('399', 'Delta', '', '0', ''),
('400', ' Golf', '', '0', ''),
('401', ' Golf', '', '0', ''),
('402', 'Delta', '', '0', ''),
('403', 'Delta', '', '0', ''),
('404', 'Delta', '', '0', ''),
('405', 'Delta', '', '0', ''),
('406', 'elta ', '', '0', ''),
('407', 'Delta', '', '0', ''),
('408', 'Delta', '', '0', ''),
('409', 'Delta', '', '0', ''),
('410', 'Delta', '', '0', ''),
('411', 'Delta', '', '0', ''),
('412', 'Delta', '', '0', ''),
('413', 'Delta', '', '0', ''),
('415', ' Golf', '', '0', ''),
('416', ' Golf', '', '0', ''),
('417', ' Golf', '', '0', ''),
('418', ' Golf', '', '0', ''),
('419', ' Golf', '', '0', ''),
('420', ' Golf', '', '0', ''),
('421', ' Golf', '', '0', ''),
('422', ' Golf', '', '0', ''),
('423', ' Golf', '', '0', ''),
('424', ' Golf', '', '0', ''),
('425', ' Golf', '', '0', ''),
('426', ' Golf', '', '0', ''),
('427', ' Golf', '', '0', ''),
('428', ' Golf', '', '0', ''),
('429', ' Golf', '', '0', ''),
('430', ' Golf', '', '0', ''),
('431', ' Golf', '', '0', ''),
('432', 'Golf ', '', '0', ''),
('433', ' Golf', '', '0', ''),
('434', ' Golf', '', '0', ''),
('435', ' Golf', '', '0', ''),
('436', ' Golf', '', '0', ''),
('437', ' Golf', '', '0', ''),
('438', ' Golf', '', '0', ''),
('439', ' Golf', '', '0', ''),
('440', 'Delta', '', '0', ''),
('441', 'Delta', '', '0', ''),
('442', 'Delta', '', '0', ''),
('443', 'Delta', '', '0', ''),
('444', 'Delta', '', '0', ''),
('445', 'Delta', '', '0', ''),
('446', 'Delta', '', '0', ''),
('447', 'Delta', '', '0', ''),
('448', 'Delta', '', '0', ''),
('449', 'Delta', '', '0', ''),
('450', 'Delta', '', '0', ''),
('451', 'Delta', '', '0', ''),
('452', 'Delta', '', '0', ''),
('453', 'elta ', '', '0', ''),
('454', 'Delta', '', '0', ''),
('455', 'Delta', '', '0', ''),
('456', 'Delta', '', '0', ''),
('457', 'Delta', '', '0', ''),
('458', 'Delta', '', '0', ''),
('459', ' Golf', '', '0', ''),
('460', ' Golf', '', '0', ''),
('461', ' Golf', '', '0', ''),
('462', ' Golf', '', '0', ''),
('463', ' Golf', '', '0', ''),
('464', ' Golf', '', '0', ''),
('465', ' Golf', '', '0', ''),
('466', ' Golf', '', '0', ''),
('467', ' Golf', '', '0', ''),
('468', 'Golf ', '', '0', ''),
('469', 'Golf ', '', '0', ''),
('470', ' Golf', '', '0', ''),
('471', ' Golf', '', '0', ''),
('472', ' Golf', '', '0', ''),
('473', ' Golf', '', '0', ''),
('474', ' Golf', '', '0', ''),
('475', ' Golf', '', '0', ''),
('476', ' Golf', '', '0', ''),
('477', ' Golf', '', '0', ''),
('478', ' Golf', '', '0', ''),
('479', 'Delta', '', '0', ''),
('480', 'Delta', '', '0', ''),
('481', 'Delta', '', '0', ''),
('482', 'Delta', '', '0', ''),
('483', 'Delta', '', '0', ''),
('484', 'Delta', '', '0', ''),
('485', 'Delta', '', '0', ''),
('486', 'Delta', '', '0', ''),
('487', 'Delta', '', '0', ''),
('488', 'Delta', '', '0', ''),
('489', 'Delta', '', '0', ''),
('490', 'Delta', '', '0', ''),
('491', ' Golf', '', '0', ''),
('492', ' Golf', '', '0', ''),
('493', ' Golf', '', '0', ''),
('494', ' Golf', '', '0', ''),
('495', ' Golf', '', '0', ''),
('496', ' Golf', '', '0', ''),
('497', ' Golf', '', '0', ''),
('498', ' Golf', '', '0', ''),
('499', ' Golf', '', '0', ''),
('500', ' Golf', '', '0', ''),
('501', ' Golf', '', '0', ''),
('502', ' Golf', '', '0', ''),
('503', 'Delta', '', '0', ''),
('504', 'Delta', '', '0', ''),
('505', 'Delta', '', '0', ''),
('506', 'Delta', '', '0', ''),
('507', 'Delta', '', '0', ''),
('508', 'Delta', '', '0', ''),
('509', 'Delta', '', '0', ''),
('510', 'Delta', '', '0', ''),
('511', 'Delta', '', '0', ''),
('512', 'Delta', '', '0', ''),
('513', 'Delta', '', '0', ''),
('514', 'Delta', '', '0', ''),
('515', 'Delta', '', '0', ''),
('802', 'Delta', '', '0', ''),
('806', 'Delta', '', '0', ''),
('881', 'Delta', '', '0', ''),
('889', ' Golf', '', '0', ''),
('900', ' Golf', '', '0', ''),
('901', ' Golf', '', '0', ''),
('902', ' Golf', '', '0', ''),
('903', ' Golf', '', '0', ''),
('904', 'Golf ', '', '0', ''),
('905', 'Golf ', '', '0', ''),
('906', ' Golf', '', '0', ''),
('907', ' Golf', '', '0', ''),
('908', ' Golf', '', '0', ''),
('909', ' Golf', '', '0', ''),
('910', ' Golf', '', '0', ''),
('911', ' Golf', '', '0', ''),
('912', ' Golf', '', '0', ''),
('913', ' Golf', '', '0', ''),
('914', ' Golf', '', '0', ''),
('915', ' Golf', '', '0', ''),
('916', ' Golf', '', '0', ''),
('917', ' Golf', '', '0', ''),
('918', ' Golf', '', '0', ''),
('919', ' Golf', '', '0', ''),
('920', ' Golf', '', '0', ''),
('921', ' Golf', '', '0', ''),
('922', ' Golf', '', '0', ''),
('923', ' Golf', '', '0', ''),
('924', ' Golf', '', '0', ''),
('925', ' Golf', '', '0', ''),
('926', ' Golf', '', '0', ''),
('927', ' Golf', '', '0', ''),
('928', ' Golf', '', '0', ''),
('929', ' Golf', '', '0', ''),
('930', 'Delta', '', '0', ''),
('931', 'Delta', '', '0', ''),
('932', 'Delta', '', '0', ''),
('933', 'Delta', '', '0', ''),
('934', 'Delta', '', '0', ''),
('935', 'Delta', '', '0', ''),
('936', 'Delta', '', '0', ''),
('937', 'Delta', '', '0', ''),
('938', 'Delta', '', '0', ''),
('939', 'Delta', '', '0', ''),
('940', 'Delta', '', '0', ''),
('941', 'Delta', '', '0', ''),
('942', 'Delta', '', '0', ''),
('943', 'Delta', '', '0', ''),
('944', 'elta ', '', '0', ''),
('945', 'Delta', '', '0', ''),
('946', 'Delta', '', '0', ''),
('947', 'Delta', '', '0', ''),
('949', 'Delta', '', '0', ''),
('950', 'elta ', '', '0', ''),
('951', 'Delta', '', '0', ''),
('952', 'elta ', '', '0', ''),
('954', 'Delta', '', '0', ''),
('955', 'Delta', '', '0', ''),
('956', 'Delta', '', '0', ''),
('957', 'Delta', '', '0', ''),
('958', 'Delta', '', '0', ''),
('959', 'Delta', '', '0', ''),
('960', 'Delta', '', '0', ''),
('961', 'Delta', '', '0', ''),
('962', 'Delta', '', '0', ''),
('963', 'Delta', '', '0', ''),
('964', 'Delta', '', '0', ''),
('965', 'Delta', '', '0', ''),
('966', 'Delta', '', '0', ''),
('967', 'Delta', '', '0', ''),
('968', 'Delta', '', '0', ''),
('969', 'Delta', '', '0', ''),
('970', 'Delta', '', '0', ''),
('971', 'Delta', '', '0', ''),
('972', 'Delta', '', '0', ''),
('973', 'Delta', '', '0', ''),
('975', ' Golf', '', '0', ''),
('976', ' Golf', '', '0', ''),
('977', ' Golf', '', '0', ''),
('978', ' Golf', '', '0', ''),
('979', 'Delta', '', '0', ''),
('980', 'Delta', '', '0', ''),
('981', 'Delta', '', '0', ''),
('982', 'Delta', '', '0', ''),
('983', 'Delta', '', '0', ''),
('984', 'Delta', '', '0', ''),
('985', 'Delta', '', '0', ''),
('986', 'Delta', '', '0', ''),
('987', 'Delta', '', '0', ''),
('988', ' Golf', '', '0', ''),
('989', ' Golf', '', '0', ''),
('990', ' Golf', '', '0', ''),
('991', 'Delta', '', '0', ''),
('992', 'Delta', '', '0', ''),
('993', 'Delta', '', '0', ''),
('994', 'Delta', '', '0', ''),
('995', ' Golf', '', '0', ''),
('996', ' Golf', '', '0', ''),
('997', ' Golf', '', '0', ''),
('998', ' Golf', '', '0', ''),
('999', 'Golf ', '', '0', ''),
('MB3', '', '', '', ''),
('MB5', '', '', '', ''),
('OP12', '', '', '', ''),
('OP13', '', '', '', ''),
('OP16', '', '', '', ''),
('OP19', '', '', '', ''),
('OP23', '', '', '', ''),
('OP3', '', '', '', ''),
('OP33', '', '', '', ''),
('OP9', '', '', '', ''),
('R02', '', '', '', ''),
('R03', '', '', '', ''),
('R04', '', '', '', ''),
('S30', '', '', '', ''),
('S31', '', '', '', ''),
('S35', '', '', '', ''),
('S36', '', '', '', ''),
('S37', '', '', '', ''),
('S38', '', '', '', ''),
('S39', '', '', '', ''),
('S40', '', '', '', ''),
('SB6', '', '', '', ''),
('SB7', '', '', '', ''),
('SB8', '', '', '', ''),
('SB9', '', '', '', ''),
('W20', '', '', '', ''),
('W21', '', '', '', ''),
('W26', '', '', '', ''),
('W31', '', '', '', ''),
('W32', '', '', '', '');

-- --------------------------------------------------------

--
-- Table structure for table `fleetn`
--

CREATE TABLE IF NOT EXISTS `fleetn` (
  `fleetno` int(4) NOT NULL,
  `regnumber` varchar(10) NOT NULL,
  `country` varchar(3) NOT NULL,
  `team` varchar(5) NOT NULL,
  `type` varchar(3) NOT NULL
) ENGINE=InnoDB DEFAULT CHARSET=latin1;

--
-- Dumping data for table `fleetn`
--

INSERT INTO `fleetn` (`fleetno`, `regnumber`, `country`, `team`, `type`) VALUES
(120, 'aaaa', 'zim', 'Delta', 'fh'),
(125, 'AZE-HTJ', 'ZIM', 'Delta', 'fmx'),
(126, 'aaa', 'zim', 'delta', 'fh'),
(127, 'AZE-HTJ', 'ZIM', 'Delta', 'fmx'),
(128, 'aaa', 'zim', 'delta', 'fh'),
(130, '', '', '', ''),
(135, '', '', '', ''),
(136, 'aaa', 'zim', 'golf', 'fmx'),
(138, 'aaa', 'zim', 'golf', 'fmx'),
(140, '', '', '', ''),
(145, '', '', '', ''),
(200, 'AAZ-2567', 'ZIM', 'golf', 'FH'),
(201, 'AAC-2167', 'ZIM', 'Delta', 'FH'),
(321, 'AAY-1378', 'ZAM', 'golf', 'FMX'),
(450, 'AA6789', 'ZAM', 'Delta', 'Fmx'),
(456, 'AAZ-2378', 'SA', 'golf', 'FMX'),
(900, 'AAZ1290', 'ZIM', 'Delta', 'FH');

-- --------------------------------------------------------

--
-- Table structure for table `repairs`
--

CREATE TABLE IF NOT EXISTS `repairs` (
`jobcardno` int(11) NOT NULL,
  `fault` varchar(20) NOT NULL,
  `fleetno` varchar(5) NOT NULL,
  `status` varchar(15) NOT NULL,
  `datecreated` varchar(10) NOT NULL,
  `daterepaired` int(20) NOT NULL,
  `techcreator` varchar(10) NOT NULL,
  `my_date` date NOT NULL,
  `my_repair_date` date NOT NULL,
  `assignedtech` varchar(10) NOT NULL,
  `secondtech` varchar(100) NOT NULL,
  `secondtechname` varchar(100) NOT NULL,
  `repairdescription` varchar(255) NOT NULL,
  `closedby` int(255) NOT NULL
) ENGINE=InnoDB AUTO_INCREMENT=29674 DEFAULT CHARSET=latin1;

--
-- Dumping data for table `repairs`
--

INSERT INTO `repairs` (`jobcardno`, `fault`, `fleetno`, `status`, `datecreated`, `daterepaired`, `techcreator`, `my_date`, `my_repair_date`, `assignedtech`, `secondtech`, `secondtechname`, `repairdescription`, `closedby`) VALUES
(29612, '32', '255', 'In Progress', '1622901861', 0, 'Paynec', '2021-06-05', '2021-06-05', '1', 'None', 'none', 'N/A', 0),
(29661, '1', '207', 'In Progress', '1626244117', 0, 'kingc', '2021-07-14', '2021-07-14', '6', 'None', 'none', 'N/A', 0),
(29662, '24', '225', 'Pending', '1626271491', 0, 'kingc', '2021-07-14', '2021-07-14', '0', '', 'none', 'N/A', 0),
(29663, '1', 'W32', 'Pending', '1626340117', 0, 'kingc', '2021-07-15', '2021-07-15', '0', '', 'none', 'N/A', 0),
(29666, '1', '101', 'Pending', '1626637661', 0, 'Kudam', '2021-07-18', '2021-07-18', '0', '', 'none', 'N/A', 0),
(29667, '2', '0', 'Pending', '1626638307', 0, 'Kudam', '2021-07-18', '2021-07-18', '0', '', 'none', 'N/A', 0),
(29668, '1', '10', 'Pending', '1626638316', 0, 'Kudam', '2021-07-18', '2021-07-18', '0', '', 'none', 'N/A', 0),
(29669, '6', '104', 'Pending', '1626638325', 0, 'Kudam', '2021-07-18', '2021-07-18', '0', '', 'none', 'N/A', 0),
(29670, '1', '0', 'Pending', '1626800975', 0, 'Kudam', '2021-07-20', '2021-07-20', '0', '', 'none', 'N/A', 0),
(29671, '2', '101', 'Pending', '1626801004', 0, 'Kudam', '2021-07-20', '2021-07-20', '0', '', 'none', 'N/A', 0),
(29672, '2', '10', 'Pending', '1626801172', 0, 'Kudam', '2021-07-20', '2021-07-20', '0', '', 'none', 'N/A', 0),
(29673, '4', '0', 'Pending', '1626802463', 0, 'Kudam', '2021-07-20', '2021-07-20', '0', '', 'none', 'N/A', 0);

-- --------------------------------------------------------

--
-- Table structure for table `tanks`
--

CREATE TABLE IF NOT EXISTS `tanks` (
`tankid` int(5) NOT NULL,
  `fleet` varchar(5) NOT NULL,
  `dateallocated` varchar(100) NOT NULL,
  `tankright` varchar(10) NOT NULL,
  `tankleft` varchar(10) NOT NULL,
  `capturedby` varchar(23) NOT NULL,
  `datecaptured` timestamp NOT NULL DEFAULT CURRENT_TIMESTAMP ON UPDATE CURRENT_TIMESTAMP
) ENGINE=InnoDB AUTO_INCREMENT=490 DEFAULT CHARSET=utf8;

--
-- Dumping data for table `tanks`
--

INSERT INTO `tanks` (`tankid`, `fleet`, `dateallocated`, `tankright`, `tankleft`, `capturedby`, `datecaptured`) VALUES
(2, '103', '01-Sep-18', 'H139R', 'H139L', '', '0000-00-00 00:00:00'),
(3, '104', '17-Apr-19', 'H229R', 'H229L', '', '0000-00-00 00:00:00'),
(4, '105', '16-Sep-19', 'H260R', 'H153l', '', '0000-00-00 00:00:00'),
(5, '106', '28-Sep-18', 'H155R', 'H155L', '', '0000-00-00 00:00:00'),
(6, '108', '18-Apr-19', 'H233R', 'H233L', '', '0000-00-00 00:00:00'),
(7, '110', '25-Sep-19', 'H271R', 'H271L', '', '0000-00-00 00:00:00'),
(8, '111', '11-Nov-18', 'H167R', 'H167L', '', '0000-00-00 00:00:00'),
(9, '113', '03/10/2019', 'H276R', 'H276L', '', '0000-00-00 00:00:00'),
(10, '114', '18-Mar-18', 'H139R', 'H139L', '', '0000-00-00 00:00:00'),
(11, '116', '20-Feb-18', 'H53R', 'H53L', '', '0000-00-00 00:00:00'),
(12, '117', '07-Dec-17', 'H31R', 'H31L', '', '0000-00-00 00:00:00'),
(13, '118', '08-Oct-18', 'H161R', 'H161L', '', '0000-00-00 00:00:00'),
(14, '120', '', 'H203R', 'H203L', '', '0000-00-00 00:00:00'),
(15, '121', '24-Dec-18', 'H241R', 'H241L', '', '0000-00-00 00:00:00'),
(16, '123', '14-Mar-19', 'H89R', 'H89L', '', '0000-00-00 00:00:00'),
(17, '124', '15-Sep-17', 'H14R', 'H14L', '', '0000-00-00 00:00:00'),
(18, '125', '09-Sep-19', 'H258R', 'H258L', '', '0000-00-00 00:00:00'),
(19, '126', '24-May-19', 'H244R', 'H244L', '', '0000-00-00 00:00:00'),
(20, '127', '07-Feb-18', 'H49R', 'H49L', '', '0000-00-00 00:00:00'),
(21, '128', '17-Apr-19', 'H230R', 'H230L', '', '0000-00-00 00:00:00'),
(22, '129', '03-Jun-18', 'H118R', 'H118L', '', '0000-00-00 00:00:00'),
(23, '130', '18-Jul-19', 'H254R', 'H254L', '', '0000-00-00 00:00:00'),
(24, '131', '07-Oct-19', 'H278R', 'H278L', '', '0000-00-00 00:00:00'),
(25, '132', '14-Sep-17', 'H91R', 'H91L', '', '0000-00-00 00:00:00'),
(26, '133', '28-Aug-18', 'H133R', 'H133L', '', '0000-00-00 00:00:00'),
(27, '134', '2021-06-20', 'H27R', 'H27L', '2', '2021-06-20 10:34:35'),
(28, '136', '14-Jan-18', 'H193R', 'H193L', '', '0000-00-00 00:00:00'),
(29, '137', '07-Mar-18', 'H63R', 'H63L', '', '0000-00-00 00:00:00'),
(30, '138', '20-Mar-19', 'h212r', 'h212L', '', '0000-00-00 00:00:00'),
(31, '139', '15-Nov-18', 'H181R', 'H181L', '', '0000-00-00 00:00:00'),
(32, '140', '10-Apr-19', 'H223R', 'H223L', '', '0000-00-00 00:00:00'),
(33, '141', '07-Oct-18', 'H162R', 'H162L', '', '0000-00-00 00:00:00'),
(34, '142', '20-Feb-18', 'H55R', 'H55L', '', '0000-00-00 00:00:00'),
(35, '143', '28-Dec-18', 'H191R', 'H191L', '', '0000-00-00 00:00:00'),
(36, '143', '2021-02-10', 'H312R', 'H312L', '8', '2021-06-04 07:37:52'),
(37, '144', '', 'H21R', 'H21L', '', '0000-00-00 00:00:00'),
(38, '145', '29-May-18', 'H115R', 'H115L', '', '0000-00-00 00:00:00'),
(40, '147', '05-Aug-18', 'H129R', 'H129L', '', '0000-00-00 00:00:00'),
(41, '148', '13-Mar-18', 'H68R', 'H68L', '', '0000-00-00 00:00:00'),
(42, '149', '09-Apr-17', 'H224R', 'H224L', '', '0000-00-00 00:00:00'),
(43, '150', '01-Apr-19', 'h220R', 'h220l', '', '0000-00-00 00:00:00'),
(44, '151', '03-Mar-18', 'H59R', 'H59L', '', '0000-00-00 00:00:00'),
(45, '152', '15-Sep-17', 'H92R', 'H92L', '', '0000-00-00 00:00:00'),
(46, '153', '31-Aug-18', 'H143R', 'H143L', '', '0000-00-00 00:00:00'),
(47, '154', '28-Aug-18', 'H137R', 'H137L', '', '0000-00-00 00:00:00'),
(48, '155', '05-Mar-19', 'H208R', 'H208L', '', '0000-00-00 00:00:00'),
(49, '156', '21-Nov-18', 'H179R', 'H179L', '', '0000-00-00 00:00:00'),
(50, '157', '09-Jul-19', 'H253R', 'H253L', '', '0000-00-00 00:00:00'),
(51, '158', '', 'X34R', 'X34L', '', '0000-00-00 00:00:00'),
(52, '159', '16-Aug-17', 'H8R', 'H8L', '', '0000-00-00 00:00:00'),
(53, '160', '22-Jun-18', 'H126R', 'H126L', '', '0000-00-00 00:00:00'),
(54, '161', '09-Oct-18', 'H163R', 'H163L', '', '0000-00-00 00:00:00'),
(55, '163', '', 'H79R', 'H79L', '', '0000-00-00 00:00:00'),
(56, '164', '', 'H90R', 'H90L', '', '0000-00-00 00:00:00'),
(57, '165', '20-Nov-17', 'H24R', 'H24L', '', '0000-00-00 00:00:00'),
(58, '166', '22-Feb-18', 'H54R', 'H54L', '', '0000-00-00 00:00:00'),
(59, '167', '03-Aug-17', 'H3R', 'H3L', '', '0000-00-00 00:00:00'),
(60, '168', '08-May-18', 'H102R', 'H102L', '', '0000-00-00 00:00:00'),
(61, '169', '04-Sep-18', 'H144R', 'H144L', '', '0000-00-00 00:00:00'),
(62, '170', '26-Nov-18', 'H183R', 'H183L', '', '0000-00-00 00:00:00'),
(63, '170', '16-Sep-20', 'H154R', 'H154L', '', '0000-00-00 00:00:00'),
(64, '171', '15-May-19', 'H241R', 'H241L', '', '0000-00-00 00:00:00'),
(65, '171', '27-Sep-19', 'H272R', 'H272L', '', '0000-00-00 00:00:00'),
(66, '172', '16-May-18', 'H103R', 'H103L', '', '0000-00-00 00:00:00'),
(67, '173', '08-Mar-18', 'H64R', 'H64L', '', '0000-00-00 00:00:00'),
(68, '174', '22-Jul-18', 'H130R', 'H130L', '', '0000-00-00 00:00:00'),
(69, '175', '07-Feb-18', 'H50R', 'H50L', '', '0000-00-00 00:00:00'),
(70, '176', '26-Mar-19', 'H217R', 'H217L', '', '0000-00-00 00:00:00'),
(71, '177', '22-Dec-17', 'H20R', 'H20L', '', '0000-00-00 00:00:00'),
(72, '178', '31-May-19', 'H24R', 'H24L', '', '0000-00-00 00:00:00'),
(73, '180', '10-Sep-18', 'H148R', 'H148L', '', '0000-00-00 00:00:00'),
(74, '180', '18-Sep-20', 'H309R', 'H309L', '', '0000-00-00 00:00:00'),
(75, '181', '24-Apr-19', 'H232R', 'H232L', '', '0000-00-00 00:00:00'),
(76, '182', '05-Mar-18', 'H61R', 'H61L', '', '0000-00-00 00:00:00'),
(77, '183', '16-Feb-18', 'H48R', 'H48L', '', '0000-00-00 00:00:00'),
(78, '184', '06-Jan-18', 'H37R', 'H37L', '', '0000-00-00 00:00:00'),
(79, '185', '10-Sep-18', 'H149R', 'H149L', '', '0000-00-00 00:00:00'),
(80, '186', '19-Sep-17', 'H96R', 'H96L', '', '0000-00-00 00:00:00'),
(81, '187', '29-Sep-17', 'H19R', 'H19L', '', '0000-00-00 00:00:00'),
(82, '187', '09-Jul-19', 'H75R', 'H75L', '', '0000-00-00 00:00:00'),
(83, '188', '10-Oct-18', 'H164R', 'H164L', '', '0000-00-00 00:00:00'),
(84, '189', '01-Aug-17', 'H20R', 'H20L', '', '0000-00-00 00:00:00'),
(85, '190', '16-Mar-19', 'H211R', 'H211L', '', '0000-00-00 00:00:00'),
(86, '192', '03-Mar-19', 'H214R', 'H214L', '', '0000-00-00 00:00:00'),
(87, '193', '23-Apr-18', 'H99R', 'H99L', '', '0000-00-00 00:00:00'),
(88, '194', '01-Apr-19', 'H218R', 'H218L', '', '0000-00-00 00:00:00'),
(89, '195', '29-Nov-17', 'H25R', 'H25L', '', '0000-00-00 00:00:00'),
(90, '196', '03-Oct-18', 'H158R', 'H158L', '', '0000-00-00 00:00:00'),
(91, '197', '11-Feb-19', 'H201R', 'H201L', '', '0000-00-00 00:00:00'),
(92, '198', '20-Apr-18', 'H98R', 'H98L', '', '0000-00-00 00:00:00'),
(93, '199', '16-Feb-18', 'H51R', 'H51L', '', '0000-00-00 00:00:00'),
(94, '200', '04-Oct-18', 'H168R', 'H168L', '', '0000-00-00 00:00:00'),
(95, '201', '30-Apr-19', 'H234R', 'H234L', '', '0000-00-00 00:00:00'),
(96, '202', '', 'H100R', 'H100L', '', '0000-00-00 00:00:00'),
(97, '203', '22-Feb-18', 'H189R', 'H189L', '', '0000-00-00 00:00:00'),
(98, '204', '23-Feb-18', 'H28R', 'H28L', '', '0000-00-00 00:00:00'),
(99, '205', '04-Aug-18', 'H127R', 'H127L', '', '0000-00-00 00:00:00'),
(100, '206', '08-Jan-18', 'H34R', 'H34L', '', '0000-00-00 00:00:00'),
(101, '208', '09-Sep-19', 'H259R', 'H259L', '', '0000-00-00 00:00:00'),
(102, '209', '11-Mar-18', 'H66R', 'H66L', '', '0000-00-00 00:00:00'),
(103, '210', '17-Oct-19', 'H283R', 'H283L', '', '0000-00-00 00:00:00'),
(104, '211', '18-Jun-18', 'H124R', 'H124L', '', '0000-00-00 00:00:00'),
(105, '212', '17-Sep-19', 'H265R', 'H265L', '', '0000-00-00 00:00:00'),
(106, '213', '28-Aug-18', 'H135R', 'H135L', '', '0000-00-00 00:00:00'),
(107, '214', '13-Sep-18', 'H151R', 'H151L', '', '0000-00-00 00:00:00'),
(108, '215', '16-May-19', 'H242R', 'H242L', '', '0000-00-00 00:00:00'),
(109, '216', '14-Jun-18', 'H120R', 'H120L', '', '0000-00-00 00:00:00'),
(110, '217', '18-Feb-18', 'H184R', 'H184L', '', '0000-00-00 00:00:00'),
(111, '218', '27-Jul-17', 'H1R', 'H1L', '', '0000-00-00 00:00:00'),
(112, '219', '21-Jan-19', 'H92R', 'H92L', '', '0000-00-00 00:00:00'),
(113, '219', '02-Nov-20', 'H194R', 'H194L', '', '0000-00-00 00:00:00'),
(114, '220', '03-Oct-19', 'H172R', 'H172L', '', '0000-00-00 00:00:00'),
(115, '222', '25-Mar-19', 'H216R', 'H216L', '', '0000-00-00 00:00:00'),
(116, '223', '2021-02-20', 'H316R', 'H316L', '8', '2021-06-04 07:41:02'),
(117, '224', '01-Apr-19', 'h219R', 'h219l', '', '0000-00-00 00:00:00'),
(118, '226', '18-Jan-19', 'H192R', 'H192L', '', '0000-00-00 00:00:00'),
(119, '227', '23-Sep-19', 'H269R', 'H269L', '', '0000-00-00 00:00:00'),
(120, '228', '22-Jan-19', 'H195R', 'H195L', '', '0000-00-00 00:00:00'),
(121, '229', '09-Mar-18', 'H247R', 'H247L', '', '0000-00-00 00:00:00'),
(122, '230', '25-Jul-18', 'H131R', 'H131L', '', '0000-00-00 00:00:00'),
(123, '231', '27-Feb-18', 'H57R', 'H57L', '', '0000-00-00 00:00:00'),
(124, '232', '01-Aug-18', 'H133R', 'H133L', '', '0000-00-00 00:00:00'),
(125, '233', '', 'H70R', 'H70L', '', '0000-00-00 00:00:00'),
(126, '234', '15-Jan-20', 'H298R', 'H298L', '', '0000-00-00 00:00:00'),
(127, '235', '23-Jan-19', 'H196R', 'H196L', '', '0000-00-00 00:00:00'),
(128, '236', '30-Aug-18', 'H134R', 'H134L', '', '0000-00-00 00:00:00'),
(129, '237', '19-Aug-17', 'H11R', 'H11L', '', '0000-00-00 00:00:00'),
(130, '238', '12-Jun-18', 'H122R', 'H122L', '', '0000-00-00 00:00:00'),
(131, '239', '31-May-18', 'H116R', 'H116L', '', '0000-00-00 00:00:00'),
(132, '240', '07-May-19', 'H72R', 'H72L', '', '0000-00-00 00:00:00'),
(133, '241', '01-Jan-18', 'H33R', 'H33L', '', '0000-00-00 00:00:00'),
(134, '242', '15-Mar-19', 'H93R', 'H93L', '', '0000-00-00 00:00:00'),
(135, '243', '14-Jun-18', 'H121R', 'H121L', '', '0000-00-00 00:00:00'),
(136, '244', '23-Jan-18', 'H144R', 'H144L', '', '0000-00-00 00:00:00'),
(137, '245', '31-Oct-18', 'H87R', 'H87L', '', '0000-00-00 00:00:00'),
(138, '249', '19-Dec-17', 'H22R', 'H22L', '', '0000-00-00 00:00:00'),
(139, '250', '18-Jan-18', 'H42R', 'H42L', '', '0000-00-00 00:00:00'),
(140, '251', '16-Oct-19', 'H280R', 'H280L', '', '0000-00-00 00:00:00'),
(141, '252', '12-Mar-19', 'H209R', 'H209L', '', '0000-00-00 00:00:00'),
(142, '253', '13-Jan-18', 'H40R', 'H40L', '', '0000-00-00 00:00:00'),
(143, '254', '29-Sep-18', 'H156R', 'H156L', '', '0000-00-00 00:00:00'),
(144, '255', '21-Jun-19', 'H250R', 'H250L', '', '0000-00-00 00:00:00'),
(145, '256', '26-Feb-18', 'H56R', 'H56L', '', '0000-00-00 00:00:00'),
(146, '257', '09-Mar-18', 'H65R', 'H65L', '', '0000-00-00 00:00:00'),
(147, '257', '2021-02-20', 'H315R', 'H315L', '8', '2021-06-04 07:40:21'),
(148, '258', '25-Sep-19', 'H270R', 'H270L', '', '0000-00-00 00:00:00'),
(149, '259', '14-Sep-19', 'H255R', 'H255L', '', '0000-00-00 00:00:00'),
(150, '260', '17-Sep-19', 'H264R', 'H264L', '', '0000-00-00 00:00:00'),
(151, '261', '04-Apr-19', 'H221R', 'H221L', '', '0000-00-00 00:00:00'),
(152, '264', '16-Sep-19', 'H266R', 'H266L', '', '0000-00-00 00:00:00'),
(153, '265', '25-Feb-19', 'H200R', 'H200L', '', '0000-00-00 00:00:00'),
(154, '266', '10-May-19', 'H236R', 'H236L', '', '0000-00-00 00:00:00'),
(155, '267', '09-May-19', 'H237R', 'H237L', '', '0000-00-00 00:00:00'),
(156, '268', '26-Dec-18', 'H190R', 'H190L', '', '0000-00-00 00:00:00'),
(157, '269', '22-Mar-19', 'H215R', 'H215L', '', '0000-00-00 00:00:00'),
(158, '270', '12-Mar-18', 'H67R', 'H67L', '', '0000-00-00 00:00:00'),
(159, '271', '', 'H91R', 'H91L', '', '0000-00-00 00:00:00'),
(160, '272', '02-Apr-18', 'H85R', 'H85L', '', '0000-00-00 00:00:00'),
(161, '273', '', 'H116R', 'H116L', '', '0000-00-00 00:00:00'),
(162, '274', '11-Jun-18', 'H119R', 'H119L', '', '0000-00-00 00:00:00'),
(163, '275', '12-Sep-19', 'H257R', 'H257L', '', '0000-00-00 00:00:00'),
(164, '276', '13-Apr-19', 'h226R', 'h226l', '', '0000-00-00 00:00:00'),
(165, '277', '21-May-18', 'H101R', 'H101L', '', '0000-00-00 00:00:00'),
(166, '279', '28-Jan-18', 'H46R', 'H46L', '', '0000-00-00 00:00:00'),
(167, '280', '17-Aug-17', 'H10R', 'H10L', '', '0000-00-00 00:00:00'),
(168, '281', '01-Sep-18', 'H140R', 'H140L', '', '0000-00-00 00:00:00'),
(169, '282', '04-Sep-18', 'H146R', 'H146L', '', '0000-00-00 00:00:00'),
(170, '284', '28-Feb-19', 'H206R', 'H206L', '', '0000-00-00 00:00:00'),
(171, '285', '19-Oct-18', 'H172R', 'H172L', '', '0000-00-00 00:00:00'),
(172, '286', '22-May-18', 'H104R', 'H104L', '', '0000-00-00 00:00:00'),
(173, '287', '08-Aug-17', 'H4R', 'H4L', '', '0000-00-00 00:00:00'),
(174, '288', '30-Dec-17', 'H35R', 'H35L', '', '0000-00-00 00:00:00'),
(175, '289', '18-Jul-18', 'H128R', 'H128L', '', '0000-00-00 00:00:00'),
(176, '291', '07-Dec-18', 'H180R', 'H180L', '', '0000-00-00 00:00:00'),
(177, '292', '18-Aug-17', 'H5R', 'H5L', '', '0000-00-00 00:00:00'),
(178, '293', '07-Sep-18', 'H147R', 'H147L', '', '0000-00-00 00:00:00'),
(179, '294', '24-Sep-18', 'H154R', 'H154L', '', '0000-00-00 00:00:00'),
(180, '294', '29-Aug-20', 'H32R', 'H32L', '', '0000-00-00 00:00:00'),
(181, '295', '14-May-19', 'H188R', 'H188L', '', '0000-00-00 00:00:00'),
(182, '296', '10-Apr-19', 'H222R', 'H222L', '', '0000-00-00 00:00:00'),
(183, '297', '16-May-18', 'H109R', 'H109L', '', '0000-00-00 00:00:00'),
(184, '298', '03-Sep-18', 'H145R', 'H145L', '', '0000-00-00 00:00:00'),
(185, '299', '25-Feb-19', 'H199R', 'H199L', '', '0000-00-00 00:00:00'),
(186, '350', '19-Sep-18', 'X48R', 'X48L', '', '0000-00-00 00:00:00'),
(187, '352', '01-Aug-19', 'X100R', 'X100L', '', '0000-00-00 00:00:00'),
(188, '353', '01-Feb-19', 'X56R', 'X56L', '', '0000-00-00 00:00:00'),
(189, '354', '10-Oct-17', 'X14R', 'X14L', '', '0000-00-00 00:00:00'),
(190, '355', '12-Feb-18', 'X52R', 'X52L', '', '0000-00-00 00:00:00'),
(191, '356', '20-Mar-19', 'X80R', 'X80L', '', '0000-00-00 00:00:00'),
(192, '357', '11-Jul-19', 'X99R', 'X99L', '', '0000-00-00 00:00:00'),
(193, '358', '16-Apr-19', 'x88R', 'x88l', '', '0000-00-00 00:00:00'),
(194, '359', '20-Feb-18', 'X24R', 'X24L', '', '0000-00-00 00:00:00'),
(195, '360', '14-Mar-19', 'x76R', 'x76L', '', '0000-00-00 00:00:00'),
(196, '361', '05-Sep-17', 'X6R', 'X6L', '', '0000-00-00 00:00:00'),
(197, '363', '04-May-19', 'X81R', 'X81L', '', '0000-00-00 00:00:00'),
(198, '365', '07-Jun-19', 'X94R', 'X94L', '', '0000-00-00 00:00:00'),
(199, '366', '19-Nov-17', 'X19R', 'X19L', '', '0000-00-00 00:00:00'),
(200, '367', '22-Jun-18', 'X43R', 'X43L', '', '0000-00-00 00:00:00'),
(201, '371', '14-Mar-19', 'x77r', 'x77L', '', '0000-00-00 00:00:00'),
(202, '372', '31-May-19', 'X89R', 'X89L', '', '0000-00-00 00:00:00'),
(203, '373', '19-Jul-19', 'X95R', 'X95L', '', '0000-00-00 00:00:00'),
(204, '374', '25-Jun-18', 'X47R', 'X47L', '', '0000-00-00 00:00:00'),
(205, '375', '', 'X34R', 'X34L', '', '0000-00-00 00:00:00'),
(206, '377', '01-Jun-19', 'X90R', 'X90L', '', '0000-00-00 00:00:00'),
(207, '378', '31-Jan-19', 'X52R', 'X52L', '', '0000-00-00 00:00:00'),
(208, '379', '23-May-19', 'X91R', 'X91L', '', '0000-00-00 00:00:00'),
(209, '380', '12-Jul-19', 'X97R', 'X97L', '', '0000-00-00 00:00:00'),
(210, '381', '17-Nov-17', 'X16R', 'X16L', '', '0000-00-00 00:00:00'),
(213, '384', '01-Jun-19', 'X83R', 'X83L', '', '0000-00-00 00:00:00'),
(214, '385', '06-Jun-19', 'X41R', 'X41L', '', '0000-00-00 00:00:00'),
(215, '387', '31-May-19', 'X92R', 'X92L', '', '0000-00-00 00:00:00'),
(216, '388', '29-Apr-19', 'X87R', 'X87L', '', '0000-00-00 00:00:00'),
(217, '391', '10-Sep-19', 'X101R', 'X101L', '', '0000-00-00 00:00:00'),
(218, '391', '25-Sep-19', 'X107R', 'X107L', '', '0000-00-00 00:00:00'),
(219, '392', '19-Mar-19', 'x78R', 'x78L', '', '0000-00-00 00:00:00'),
(220, '393', '11-Jan-18', 'X23R', 'X23L', '', '0000-00-00 00:00:00'),
(221, '395', '08-Jun-18', 'X36R', 'X36L', '', '0000-00-00 00:00:00'),
(222, '396', '29-Aug-19', 'X105R', 'X105L', '', '0000-00-00 00:00:00'),
(223, '397', '03-Oct-19', 'X108R', 'X108L', '', '0000-00-00 00:00:00'),
(224, '398', '09-Mar-18', 'X24R', 'X24L', '', '0000-00-00 00:00:00'),
(225, '399', '28-Jun-18', 'X42R', 'X42L', '', '0000-00-00 00:00:00'),
(226, '400', '03-Jan-18', 'H36R', 'H36L', '', '0000-00-00 00:00:00'),
(227, '401', '04-Nov-18', 'H174R', 'H174L', '', '0000-00-00 00:00:00'),
(228, '402', '15-Apr-19', 'X85R', 'X85L', '', '0000-00-00 00:00:00'),
(229, '403', '25-Mar-18', 'X32R', 'X32L', '', '0000-00-00 00:00:00'),
(230, '404', '07-Jun-18', 'X37R', 'X37L', '', '0000-00-00 00:00:00'),
(231, '407', '10-Mar-19', 'X73R', 'X73L', '', '0000-00-00 00:00:00'),
(232, '408', '21-Nov-18', 'X45R', 'X45L', '', '0000-00-00 00:00:00'),
(233, '409', '18-Sep-18', 'X3R', 'X3L', '', '0000-00-00 00:00:00'),
(234, '411', '01-Feb-19', 'X52R', 'X52L', '', '0000-00-00 00:00:00'),
(235, '411', '04-Sep-20', 'X117R', 'X117L', '', '0000-00-00 00:00:00'),
(236, '412', '20-Feb-19', 'X60R', 'X60L', '', '0000-00-00 00:00:00'),
(237, '413', '26-Sep-19', 'X109R', 'X109L', '', '0000-00-00 00:00:00'),
(238, '415', '18-Mar-19', 'x79R', 'x79L', '', '0000-00-00 00:00:00'),
(239, '416', '20-Feb-19', 'X61R', 'X61L', '', '0000-00-00 00:00:00'),
(240, '417', '02-Jun-19', 'X93R', 'X93L', '', '0000-00-00 00:00:00'),
(241, '418', '15-Oct-17', 'X15R', 'X15L', '', '0000-00-00 00:00:00'),
(242, '419', '03-Oct-17', 'X4R', 'X4L', '', '0000-00-00 00:00:00'),
(243, '420', '19-Mar-18', 'X30R', 'X30L', '', '0000-00-00 00:00:00'),
(244, '421', '01-Mar-19', 'H64R', 'H64L', '', '0000-00-00 00:00:00'),
(245, '423', '12-Aug-19', 'X39R', 'X39L', '', '0000-00-00 00:00:00'),
(246, '424', '26-Feb-19', 'x63R', 'x63L', '', '0000-00-00 00:00:00'),
(247, '426', '11-Sep-19', 'X102R', 'X102L', '', '0000-00-00 00:00:00'),
(248, '427', '13-Jun-20', 'X107R', 'X107L', '', '0000-00-00 00:00:00'),
(249, '428', '10-Mar-19', 'X74R', 'X74L', '', '0000-00-00 00:00:00'),
(250, '429', '08-Mar-19', 'X52R', 'X52L', '', '0000-00-00 00:00:00'),
(251, '430', '18-May-18', 'X38R', 'X38L', '', '0000-00-00 00:00:00'),
(252, '431', '05-Oct-17', 'X13R', 'X13L', '', '0000-00-00 00:00:00'),
(253, '433', '28-Feb-19', 'x65r', 'x65L', '', '0000-00-00 00:00:00'),
(254, '434', '23-Feb-19', 'X59R', 'X59L', '', '0000-00-00 00:00:00'),
(255, '435', '08-Mar-19', 'X69R', 'X69L', '', '0000-00-00 00:00:00'),
(256, '436', '02-Apr-19', 'X82R', 'X82L', '', '0000-00-00 00:00:00'),
(257, '437', '05-Mar-19', 'X68R', 'X68L', '', '0000-00-00 00:00:00'),
(258, '438', '15-Mar-18', 'X27R', 'X27L', '', '0000-00-00 00:00:00'),
(259, '439', '20-Feb-18', 'X21R', 'X21L', '', '0000-00-00 00:00:00'),
(260, '440', '29-Aug-18', 'X47R', 'X47L', '', '0000-00-00 00:00:00'),
(261, '441', '17-Oct-17', 'X17R', 'X17L', '', '0000-00-00 00:00:00'),
(262, '442', '03-Oct-17', 'X12R', 'X12L', '', '0000-00-00 00:00:00'),
(263, '442', '24-Jun-20', 'X116R', 'X116L', '', '0000-00-00 00:00:00'),
(264, '443', '25-Sep-17', 'X11R', 'X11L', '', '0000-00-00 00:00:00'),
(265, '444', '25-Jun-18', 'X46R', 'X46L', '', '0000-00-00 00:00:00'),
(266, '445', '28-Sep-17', 'X10R', 'X10L', '', '0000-00-00 00:00:00'),
(267, '446', '15-Jul-19', 'X96R', 'X96L', '', '0000-00-00 00:00:00'),
(268, '448', '04-Jun-18', 'X39R', 'X39L', '', '0000-00-00 00:00:00'),
(269, '449', '22-Aug-17', 'X3R', 'X3L', '', '0000-00-00 00:00:00'),
(270, '450', '19-Sep-17', 'X8R', 'X8L', '', '0000-00-00 00:00:00'),
(271, '451', '01-Nov-18', 'X31R', 'X31L', '', '0000-00-00 00:00:00'),
(272, '452', '06-Mar-18', 'H25R', 'H25L', '', '0000-00-00 00:00:00'),
(273, '453', '09-Mar-18', 'X22R', 'X22L', '', '0000-00-00 00:00:00'),
(274, '454', '22-Aug-17', 'X2R', 'X2L', '', '0000-00-00 00:00:00'),
(275, '455', '14-Sep-17', 'X5R', 'X5L', '', '0000-00-00 00:00:00'),
(276, '456', '07-Dec-18', 'X51R', 'X51L', '', '0000-00-00 00:00:00'),
(277, '457', '29-Aug-18', 'X50R', 'X50L', '', '0000-00-00 00:00:00'),
(278, '458', '24-Feb-19', 'x62R', 'x62L', '', '0000-00-00 00:00:00'),
(279, '459', '18-Sep-17', 'X7R', 'X7L', '', '0000-00-00 00:00:00'),
(280, '460', '12-Mar-19', 'x75r', 'x75L', '', '0000-00-00 00:00:00'),
(281, '461', '21-Mar-19', 'X72R', 'X72L', '', '0000-00-00 00:00:00'),
(282, '462', '09-Mar-19', 'X70R', 'X70L', '', '0000-00-00 00:00:00'),
(283, '463', '04-Mar-19', 'X67R', 'X67L', '', '0000-00-00 00:00:00'),
(284, '464', '', 'X49R', 'X49L', '', '0000-00-00 00:00:00'),
(285, '465', '03-Apr-19', 'X71R', 'X71L', '', '0000-00-00 00:00:00'),
(286, '900', '07-Mar-18', 'H62R', 'H62L', '', '0000-00-00 00:00:00'),
(287, '901', '05-Feb-18', 'H147R', 'H147L', '', '0000-00-00 00:00:00'),
(288, '902', '11-Apr-19', 'X84R', 'X84L', '', '0000-00-00 00:00:00'),
(289, '903', '08-Jan-18', 'H38R', 'H38L', '', '0000-00-00 00:00:00'),
(290, '904', '17-Sep-18', 'H152R', 'H152L', '', '0000-00-00 00:00:00'),
(291, '905', '08-May-18', 'H105R', 'H105L', '', '0000-00-00 00:00:00'),
(292, '906', '15-Apr-19', 'H227R', 'H227L', '', '0000-00-00 00:00:00'),
(293, '907', '01-Mar-19', 'H13R', 'H13L', '', '0000-00-00 00:00:00'),
(294, '908', '16-Jun-18', 'H123R', 'H123L', '', '0000-00-00 00:00:00'),
(295, '909', '28-Apr-19', 'H108R', 'H108L', '', '0000-00-00 00:00:00'),
(296, '911', '23-May-19', 'H243R', 'H243L', '', '0000-00-00 00:00:00'),
(297, '912', '21-Dec-17', 'H32R', 'H32L', '', '0000-00-00 00:00:00'),
(298, '914', '15-Apr-19', 'H228R', 'H228l', '', '0000-00-00 00:00:00'),
(299, '916', '13-May-19', 'H239R', 'H239L', '', '0000-00-00 00:00:00'),
(300, '918', '07-Sep-19', 'H261R', 'H261L', '', '0000-00-00 00:00:00'),
(301, '919', '08-Nov-18', 'H177R', 'H177L', '', '0000-00-00 00:00:00'),
(302, '920', '22-Jul-19', 'H19R', 'H19L', '', '0000-00-00 00:00:00'),
(303, '921', '15-May-19', 'H240R', 'H240L', '', '0000-00-00 00:00:00'),
(304, '922', '25-Mar-18', 'H80R', 'H80L', '', '0000-00-00 00:00:00'),
(306, '924', '18-Jun-18', 'H125R', 'H125L', '', '0000-00-00 00:00:00'),
(307, '925', '', 'H26R', 'H26L', '', '0000-00-00 00:00:00'),
(308, '927', '18-Aug-17', 'H9R', 'H9L', '', '0000-00-00 00:00:00'),
(309, '930', '24-May-18', 'H17R', 'H17L', '', '0000-00-00 00:00:00'),
(310, '931', '02-Oct-19', 'H273R', 'H273L', '', '0000-00-00 00:00:00'),
(311, '932', '11-Jan-19', 'H186R', 'H186L', '', '0000-00-00 00:00:00'),
(312, '933', '27-May-19', 'H245R', 'H245L', '', '0000-00-00 00:00:00'),
(313, '934', '16-Sep-19', 'H252R', 'H252L', '', '0000-00-00 00:00:00'),
(314, '936', '15-Apr-19', 'H231R', 'H231L', '', '0000-00-00 00:00:00'),
(315, '937', '26-Feb-19', 'H204R', 'H204L', '', '0000-00-00 00:00:00'),
(316, '938', '11-Oct-18', 'H169R', 'H169L', '', '0000-00-00 00:00:00'),
(317, '939', '', 'H78R', 'H78L', '', '0000-00-00 00:00:00'),
(318, '940', '24-Jul-19', 'H256R', 'H256L', '', '0000-00-00 00:00:00'),
(319, '941', '05-Sep-17', 'H12R', 'H12L', '', '0000-00-00 00:00:00'),
(320, '942', '04-Jun-20', 'H210R', 'H210L', '', '0000-00-00 00:00:00'),
(321, '943', '14-Mar-18', 'H69R', 'H69L', '', '0000-00-00 00:00:00'),
(322, '944', '15-May-18', 'H112R', 'H112L', '', '0000-00-00 00:00:00'),
(323, '947', '20-Jan-18', 'H43R', 'H43L', '', '0000-00-00 00:00:00'),
(324, '948', '15-Oct-18', 'H166R', 'H166L', '', '0000-00-00 00:00:00'),
(325, '949', '10-Aug-17', 'H7R', 'H7L', '', '0000-00-00 00:00:00'),
(326, '950', '01-Feb-19', 'H197R', 'H197L', '', '0000-00-00 00:00:00'),
(327, '950', '2021-02-18', 'H314R', 'H314L', '8', '2021-06-04 07:39:35'),
(328, '951', '15-Oct-18', 'H170R', 'H170L', '', '0000-00-00 00:00:00'),
(329, '952', '22-Sep-18', 'H153R', 'H153l', '', '0000-00-00 00:00:00'),
(330, '954', '04-Dec-17', 'H29R', 'H29L', '', '0000-00-00 00:00:00'),
(331, '955', '23-Aug-18', 'H138R', 'H138L', '', '0000-00-00 00:00:00'),
(332, '956', '31-Jan-19', 'H182R', 'H182L', '', '0000-00-00 00:00:00'),
(333, '957', '15-Sep-17', 'H15R', 'H15L', '', '0000-00-00 00:00:00'),
(334, '958', '27-Feb-18', 'H58R', 'H58L', '', '0000-00-00 00:00:00'),
(335, '959', '29-Apr-19', 'H233R', 'H233L', '', '0000-00-00 00:00:00'),
(336, '960', '05-Mar-18', 'H60R', 'H60L', '', '0000-00-00 00:00:00'),
(337, '961', '04-Oct-18', 'H159R', 'H159L', '', '0000-00-00 00:00:00'),
(338, '962', '28-Aug-18', 'H136R', 'H136L', '', '0000-00-00 00:00:00'),
(339, '963', '10-Jan-18', 'H39R', 'H39L', '', '0000-00-00 00:00:00'),
(340, '964', '05-Oct-19', 'H76R', 'H76L', '', '0000-00-00 00:00:00'),
(341, '965', '30-Mar-18', 'H82R', 'H82L', '', '0000-00-00 00:00:00'),
(342, '966', '01-Jan-19', 'H235R', 'H235L', '', '0000-00-00 00:00:00'),
(343, '967', '08-Oct-18', 'H160R', 'H160L', '', '0000-00-00 00:00:00'),
(344, '968', '21-May-18', 'X54R', 'X54L', '', '0000-00-00 00:00:00'),
(345, '969', '15-Aug-18', 'H141R', 'H141L', '', '0000-00-00 00:00:00'),
(346, '970', '11-Aug-17', 'H3R', 'H3L', '', '0000-00-00 00:00:00'),
(347, '971', '12-Sep-18', 'H150R', 'H150L', '', '0000-00-00 00:00:00'),
(348, '972', '23-May-18', 'H107R', 'H107L', '', '0000-00-00 00:00:00'),
(349, '973', '21-Mar-19', 'H213R', 'H213L', '', '0000-00-00 00:00:00'),
(350, '975', '13-Dec-17', 'H32R', 'H32L', '', '0000-00-00 00:00:00'),
(351, '975', '01-Jul-20', 'H273R', 'H273L', '', '0000-00-00 00:00:00'),
(352, '976', '12-Feb-19', 'H202R', 'H202L', '', '0000-00-00 00:00:00'),
(353, '977', '18-May-18', 'H96R', 'H96L', '', '0000-00-00 00:00:00'),
(354, '978', '20-Jun-19', 'H110R', 'H110L', '', '0000-00-00 00:00:00'),
(355, '979', '03-Oct-18', 'H157R', 'H157L', '', '0000-00-00 00:00:00'),
(356, '980', '24-May-18', 'H111R', 'H111L', '', '0000-00-00 00:00:00'),
(357, '981', '16-Aug-17', 'H6R', 'H6L', '', '0000-00-00 00:00:00'),
(358, '982', '19-Sep-19', 'H267R', 'H267L', '', '0000-00-00 00:00:00'),
(359, '983', '07-Sep-19', 'H263R', 'H263L', '', '0000-00-00 00:00:00'),
(360, '983', '2021-02-17', 'H313R', 'H313L', '8', '2021-06-04 07:38:52'),
(361, '984', '19-Nov-18', 'H185R', 'H185L', '', '0000-00-00 00:00:00'),
(362, '985', '03-Apr-18', 'H88R', 'H88L', '', '0000-00-00 00:00:00'),
(363, '986', '16-Jan-18', 'H41R', 'H41L', '', '0000-00-00 00:00:00'),
(364, '987', '31-Aug-18', 'H142R', 'H142L', '', '0000-00-00 00:00:00'),
(365, '988', '06-Oct-19', 'H274R', 'H274L', '', '0000-00-00 00:00:00'),
(366, '990', '18-Oct-18', 'H171R', 'H171L', '', '0000-00-00 00:00:00'),
(367, '991', '06-Nov-18', 'H175R', 'H175L', '', '0000-00-00 00:00:00'),
(368, '992', '01-Apr-18', 'H84R', 'H84L', '', '0000-00-00 00:00:00'),
(369, '993', '23-Sep-19', 'H268R', 'H268L', '', '0000-00-00 00:00:00'),
(370, '994', '30-Jan-19', 'H198R', 'H198L', '', '0000-00-00 00:00:00'),
(371, '995', '10-Oct-18', 'H165R', 'H165L', '', '0000-00-00 00:00:00'),
(372, '996', '30-May-18', 'H114R', 'H114L', '', '0000-00-00 00:00:00'),
(373, '997', '27-Feb-19', 'H205R', 'H205L', '', '0000-00-00 00:00:00'),
(374, '998', '', 'H20R', 'H20L', '', '0000-00-00 00:00:00'),
(375, '999', '09-Oct-19', 'H279R', 'H279L', '', '0000-00-00 00:00:00'),
(376, 'R02', '25-Oct-18', 'H176R', 'H176L', '', '0000-00-00 00:00:00'),
(377, 'R03', '04-Jan-19', 'H187R', 'H187L', '', '0000-00-00 00:00:00'),
(378, 'R04', '07-Nov-17', 'H30R', 'H30L', '', '0000-00-00 00:00:00'),
(379, 'S36', '25-Sep-19', 'R01', 'L01', '', '0000-00-00 00:00:00'),
(380, 'S37', '23-Sep-20', 'R02', 'L02', '', '0000-00-00 00:00:00'),
(381, 'S39', '15-Feb-21', 'FR03', 'FL03', '', '0000-00-00 00:00:00'),
(382, '0', '2021-05-11', 'T201Z', 'T201L', '1', '2021-05-21 09:19:57'),
(384, '253', '2021-05-20', 'H98L', 'H98R', '1', '2021-05-21 09:14:00'),
(385, '128', '2021-05-19', 'H322R', 'H322L', '1', '2021-05-21 09:18:28'),
(386, '299', '2021-04-09', 'H172R', 'H172L', '8', '2021-05-27 09:05:03'),
(387, '291', '2021-04-12', 'H193R', 'H193L', '8', '2021-05-27 09:06:18'),
(388, '234', '2021-04-13', 'H320L', 'H320R', '8', '2021-05-27 09:07:18'),
(389, '912', '2021-03-14', 'H143L', 'H143R', '8', '2021-05-27 09:08:17'),
(390, '375', '2021-04-19', 'X125R', 'X125L', '8', '2021-06-02 07:14:21'),
(391, '225', '2021-04-20', 'H180R', 'H180L', '8', '2021-06-02 07:15:12'),
(392, '229', '2021-04-20', 'H321R', 'H321L', '8', '2021-06-02 07:16:12'),
(393, '935', '2021-04-25', 'H20R', 'H20L', '8', '2021-06-02 07:16:53'),
(394, '930', '2021-04-26', 'H113R', 'H113L', '8', '2021-06-02 07:17:52'),
(395, '931', '2021-04-26', 'H283R', 'H283L', '8', '2021-06-02 07:18:41'),
(396, '243', '2021-04-26', 'H199R', 'H199L', '8', '2021-06-02 07:19:22'),
(397, '965', '2021-04-24', 'H59R', 'H59L', '8', '2021-06-02 07:20:03'),
(398, '149', '2021-04-27', 'H205R', 'H205L', '8', '2021-06-02 07:34:23'),
(399, '147', '2021-04-28', 'H247R', 'H247L', '8', '2021-06-02 07:35:32'),
(400, '400', '2021-04-28', 'H257R', 'H257L', '8', '2021-06-02 07:36:08'),
(401, '986', '2021-04-30', 'H298R', 'H298L', '8', '2021-06-02 07:36:41'),
(402, '949', '2021-04-30', 'H157R', 'H157L', '8', '2021-06-02 07:37:17'),
(403, '378', '2021-04-30', 'X122R', 'X122L', '8', '2021-06-02 07:37:53'),
(404, '996', '2021-05-01', 'H36R', 'H36L', '8', '2021-06-02 07:38:54'),
(405, '401', '2021-05-01', 'H139R', 'H139L', '8', '2021-06-02 07:39:42'),
(406, '138', '2021-05-06', 'H82R', 'H82L', '8', '2021-06-02 07:40:20'),
(407, '428', '2021-05-09', 'X52R', 'X52L', '8', '2021-06-02 08:52:53'),
(408, '198', '2021-05-12', 'H224R', 'H224L', '8', '2021-06-02 08:53:38'),
(409, '940', '2021-05-12', 'H17R', 'H17L', '8', '2021-06-02 08:54:14'),
(410, '411', '2021-05-15', 'X38R', 'X38L', '8', '2021-06-02 09:34:53'),
(411, '113', '2021-05-17', 'H116R', 'H116L', '8', '2021-06-02 09:35:35'),
(412, '272', '2021-05-18', 'H320R', 'H320L', '8', '2021-06-02 09:36:13'),
(413, '964', '2021-05-19', 'H323R', 'H323L', '8', '2021-06-02 09:36:51'),
(414, '128', '2021-05-19', 'H322R', 'H322L', '8', '2021-06-02 09:37:21'),
(415, '253', '2021-05-20', 'H98R', 'H98L', '8', '2021-06-02 09:38:08'),
(416, '166', '2021-05-22', 'H321R', 'H321L', '8', '2021-06-02 09:38:52'),
(417, '987', '2021-05-22', 'H212R', 'H212L', '8', '2021-06-02 09:39:31'),
(418, '409', '2021-05-22', 'X74R', 'X74L', '8', '2021-06-02 09:40:54'),
(419, '970', '2021-05-26', 'H230R', 'H230L', '8', '2021-06-02 09:41:34'),
(420, '120', '2021-05-27', 'H276R', 'H276L', '8', '2021-06-02 09:42:08'),
(421, '237', '2021-05-27', 'H76R', 'H76L', '8', '2021-06-02 09:42:54'),
(422, '142', '2021-06-01', 'H54R', 'H54L', '8', '2021-06-02 09:43:33'),
(423, '938', '2021-06-01', 'H40R', 'H40L', '8', '2021-06-02 09:44:10'),
(424, '269', '2021-06-01', 'H256R', 'H256L', '8', '2021-06-02 09:44:45'),
(425, '386', '2021-06-01', 'X126R', 'X30L', '8', '2021-06-02 09:46:26'),
(426, '180', '2021-06-02', 'H174R', 'H174L', '8', '2021-06-02 09:47:08'),
(427, '150', '2021-06-02', 'H7R', 'H7L', '8', '2021-06-04 06:27:34'),
(428, '140', '2021-02-22', 'H317R', 'H217L', '8', '2021-06-04 07:42:14'),
(429, '267', '2021-02-23', 'H317R', 'H317L', '8', '2021-06-04 07:43:24'),
(430, '133', '2021-02-24', 'H318R', 'H318L', '8', '2021-06-04 07:44:19'),
(431, '227', '2021-02-22', 'H320R', 'H320L', '8', '2021-06-04 07:45:56'),
(432, '925', '2021-03-01', 'H19R', 'H19L', '8', '2021-06-04 07:47:17'),
(433, '166', '2021-03-02', 'H263R', 'H263L', '8', '2021-06-04 07:48:36'),
(434, '991', '2021-03-01', 'H197R', 'H197L', '8', '2021-06-04 07:49:46'),
(435, '910', '2021-03-03', 'H269R', 'H269L', '8', '2021-06-04 07:50:54'),
(436, '936', '2021-03-04', 'H237R', 'H237L', '8', '2021-06-04 07:54:28'),
(437, '199', '2021-03-04', 'H223R', 'H223L', '8', '2021-06-04 07:55:22'),
(438, '141', '2021-03-04', 'H26R', 'H26L', '8', '2021-06-04 07:57:27'),
(439, '273', '2021-03-05', 'H24R', 'H24L', '8', '2021-06-04 07:59:49'),
(440, '903', '2021-03-08', 'H133R', 'H133L', '8', '2021-06-04 08:01:11'),
(441, '188', '2021-03-08', 'H231R', 'H231L', '8', '2021-06-04 08:03:01'),
(442, '188', '2021-03-08', 'H231R', 'H231L', '8', '2021-06-04 08:21:10'),
(443, '351', '2021-03-10', 'X121R', 'X121L', '8', '2021-06-04 08:24:05'),
(444, '285', '2021-03-12', 'H38R', 'H38L', '8', '2021-06-04 08:26:17'),
(445, '228', '2021-03-14', 'H86R', 'H86L', '8', '2021-06-04 08:27:18'),
(446, '957', '2021-03-16', 'H51R', 'H51L', '8', '2021-06-04 08:28:33'),
(447, '189', '2021-03-18', 'H24R', 'H24L', '8', '2021-06-04 08:30:28'),
(448, '119', '2021-03-18', 'H116R', 'H116L', '8', '2021-06-04 08:31:10'),
(449, '157', '2021-03-19', 'H162R', 'H162L', '8', '2021-06-04 08:31:54'),
(450, '901', '2021-03-23', 'H65R', 'H65L', '8', '2021-06-04 08:33:17'),
(451, '998', '2021-03-26', 'H15R', 'H15L', '8', '2021-06-04 08:33:53'),
(452, '151', '2021-03-26', 'H175R', 'H175L', '8', '2021-06-04 08:35:43'),
(453, '182', '2021-03-28', 'H20R', 'H20L', '8', '2021-06-04 08:37:42'),
(454, '275', '2021-03-30', 'H164R', 'H164L', '8', '2021-06-04 08:38:29'),
(455, '960', '2021-03-30', 'H253R', 'H253L', '8', '2021-06-04 08:39:12'),
(456, '144', '2021-03-30', 'H147R', 'H147L', '8', '2021-06-04 08:39:53'),
(457, '102', '2021-03-30', 'H165R', 'H165L', '8', '2021-06-04 08:40:40'),
(458, '210', '2021-03-30', 'H262R', 'H262L', '8', '2021-06-04 08:41:19'),
(459, '103', '2021-03-31', 'H21R', 'H21L', '8', '2021-06-04 08:42:15'),
(460, '136', '2021-04-02', 'H123R', 'H123L', '8', '2021-06-04 08:43:26'),
(461, '255', '2021-04-02', 'H147R', 'H147L', '8', '2021-06-04 08:44:37'),
(462, '979', '2021-04-03', 'H60R', 'H60L', '8', '2021-06-04 08:45:20'),
(463, '366', '2021-04-07', 'X124L', 'X124R', '8', '2021-06-04 08:45:54'),
(464, '187', '2021-07-08', 'H250R', 'H250L', '8', '2021-06-04 08:46:53'),
(465, '153', '2021-04-08', 'H164R', 'H164L', '8', '2021-06-04 08:48:28'),
(466, '430', '2021-01-15', 'X120R', 'X120L', '8', '2021-06-04 11:58:49'),
(467, '921', '2021-01-15', 'H311R', 'H311L', '8', '2021-06-04 11:59:29'),
(468, '266', '2021-06-10', 'H203R', 'H203L', '8', '2021-06-10 13:13:54'),
(469, '920', '2021-06-19', 'H41R', 'H41L', '8', '2021-06-19 06:30:05'),
(470, '167', '2021-06-18', 'H03R', 'H03L', '8', '2021-06-19 06:30:56'),
(471, '448', '2021-06-15', 'X117R', 'X117L', '8', '2021-06-19 06:31:32'),
(472, '920', '2021-06-19', 'H41R', 'H41L', '2', '2021-06-20 10:36:08'),
(473, '382', '2021-06-21', 'X19R', 'X19L', '2', '2021-06-21 10:26:24'),
(474, '382', '2021-06-21', 'X19R', 'X19L', '8', '2021-07-01 05:49:01'),
(475, '179', '2021-06-24', 'H308R', 'H308L', '8', '2021-07-01 05:50:05'),
(476, '916', '2021-06-29', 'H11R', 'H11L', '8', '2021-07-01 05:53:09'),
(477, '994', '2021-06-29', 'H55R', 'H55L', '8', '2021-07-01 05:54:52'),
(478, '923', '2021-07-01', 'H220R', 'H220L', '8', '2021-07-01 14:55:14'),
(479, '146', '2021-07-01', 'H40R', 'H40L', '8', '2021-07-01 14:55:51'),
(480, '968', '2021-07-01', 'X34R', 'H85L', '8', '2021-07-01 14:56:32'),
(481, '258', '2021-07-03', 'H121R', 'H121L', '8', '2021-07-04 10:26:41'),
(482, '145', '2021-07-08', 'H309R', 'H309L', '8', '2021-07-08 12:55:38'),
(483, '271', '2021-07-08', 'H198R', 'H198L', '8', '2021-07-08 13:43:48'),
(484, '145', '2021-07-09', 'H309R', 'H309L', '6', '2021-07-09 10:08:45'),
(485, '271', '2021-07-09', 'H198R', 'H198L', '6', '2021-07-09 10:09:17'),
(486, '258', '2021-07-09', 'H121R', 'H121L', '6', '2021-07-09 10:12:53'),
(487, '105', '2021-07-11', 'H115R', 'H115L', '8', '2021-07-11 07:07:46'),
(488, '966', '2021-07-13', 'H239R', 'H239L', '8', '2021-07-13 09:12:00'),
(489, '175', '2021-07-13', 'H173R', 'H173L', '8', '2021-07-13 10:25:25');

-- --------------------------------------------------------

--
-- Table structure for table `tanks_history`
--

CREATE TABLE IF NOT EXISTS `tanks_history` (
`tankhistid` int(10) NOT NULL,
  `tankid` int(10) NOT NULL,
  `fleet` varchar(50) NOT NULL,
  `dateallocated` date NOT NULL,
  `tankright` varchar(12) NOT NULL,
  `tankleft` varchar(10) NOT NULL,
  `capturedby` int(10) NOT NULL,
  `datecaptured` date NOT NULL
) ENGINE=InnoDB AUTO_INCREMENT=119 DEFAULT CHARSET=latin1;

--
-- Dumping data for table `tanks_history`
--

INSERT INTO `tanks_history` (`tankhistid`, `tankid`, `fleet`, `dateallocated`, `tankright`, `tankleft`, `capturedby`, `datecaptured`) VALUES
(1, 1, '10', '2021-03-18', '$this-', '$this-', 1, '2021-03-18'),
(2, 2, '101', '2021-03-10', 'uuu', 'uuu', 1, '2021-03-22'),
(3, 3, '103', '2021-03-24', '$data[', '$data[', 1, '2021-03-24'),
(4, 4, '104', '2021-03-25', '$d9ta[', '0data[', 1, '2021-03-24'),
(5, 5, '110', '2021-03-24', 'aaaaaa', 'aaaaaa', 1, '2021-03-24'),
(6, 5, '110', '2021-03-24', 'aaaaaa', 'aaaaaa', 1, '2021-03-24'),
(7, 5, '110', '2021-04-10', 'h132r', 'h132l', 1, '2021-03-24'),
(8, 4, '104', '2021-03-24', '$d9ta[', '1data[', 1, '2021-03-24'),
(9, 2, '101', '2021-03-10', 'uuu', 'uuu', 1, '2021-03-22'),
(10, 10, '105', '2021-04-01', 'h10r', 'h20l', 1, '2021-04-29'),
(11, 382, '0', '2021-05-06', 'T200R', 'T200L', 1, '2021-05-06'),
(12, 382, '0', '2021-05-06', 'T201R', 'T201L', 1, '2021-05-06'),
(13, 142, '253', '0000-00-00', 'H40R', 'H40L', 0, '0000-00-00'),
(14, 21, '128', '0000-00-00', 'H230R', 'H230L', 0, '0000-00-00'),
(15, 185, '299', '0000-00-00', 'H199R', 'H199L', 0, '0000-00-00'),
(16, 176, '291', '0000-00-00', 'H180R', 'H180L', 0, '0000-00-00'),
(17, 126, '234', '0000-00-00', 'H298R', 'H298L', 0, '0000-00-00'),
(18, 297, '912', '0000-00-00', 'H32R', 'H32L', 0, '0000-00-00'),
(19, 205, '375', '0000-00-00', 'X34R', 'X34L', 0, '0000-00-00'),
(20, 391, '225', '2021-04-20', 'H180R', 'H180L', 8, '2021-06-02'),
(21, 121, '229', '0000-00-00', 'H247R', 'H247L', 0, '0000-00-00'),
(22, 393, '935', '2021-04-25', 'H20R', 'H20L', 8, '2021-06-02'),
(23, 309, '930', '0000-00-00', 'H17R', 'H17L', 0, '0000-00-00'),
(24, 310, '931', '0000-00-00', 'H273R', 'H273L', 0, '0000-00-00'),
(25, 135, '243', '0000-00-00', 'H121R', 'H121L', 0, '0000-00-00'),
(26, 341, '965', '0000-00-00', 'H82R', 'H82L', 0, '0000-00-00'),
(27, 42, '149', '0000-00-00', 'H224R', 'H224L', 0, '0000-00-00'),
(28, 40, '147', '0000-00-00', 'H129R', 'H129L', 0, '0000-00-00'),
(29, 226, '400', '0000-00-00', 'H36R', 'H36L', 0, '0000-00-00'),
(30, 363, '986', '0000-00-00', 'H41R', 'H41L', 0, '0000-00-00'),
(31, 325, '949', '0000-00-00', 'H7R', 'H7L', 0, '0000-00-00'),
(32, 207, '378', '0000-00-00', 'X52R', 'X52L', 0, '0000-00-00'),
(33, 372, '996', '0000-00-00', 'H114R', 'H114L', 0, '0000-00-00'),
(34, 227, '401', '0000-00-00', 'H174R', 'H174L', 0, '0000-00-00'),
(35, 30, '138', '0000-00-00', 'h212r', 'h212L', 0, '0000-00-00'),
(36, 249, '428', '0000-00-00', 'X74R', 'X74L', 0, '0000-00-00'),
(37, 92, '198', '0000-00-00', 'H98R', 'H98L', 0, '0000-00-00'),
(38, 318, '940', '0000-00-00', 'H256R', 'H256L', 0, '0000-00-00'),
(39, 234, '411', '0000-00-00', 'X52R', 'X52L', 0, '0000-00-00'),
(40, 9, '113', '0000-00-00', 'H276R', 'H276L', 0, '0000-00-00'),
(41, 160, '272', '0000-00-00', 'H85R', 'H85L', 0, '0000-00-00'),
(42, 340, '964', '0000-00-00', 'H76R', 'H76L', 0, '0000-00-00'),
(43, 21, '128', '0000-00-00', 'H230R', 'H230L', 0, '0000-00-00'),
(44, 142, '253', '0000-00-00', 'H40R', 'H40L', 0, '0000-00-00'),
(45, 58, '166', '0000-00-00', 'H54R', 'H54L', 0, '0000-00-00'),
(46, 364, '987', '0000-00-00', 'H142R', 'H142L', 0, '0000-00-00'),
(47, 233, '409', '0000-00-00', 'X3R', 'X3L', 0, '0000-00-00'),
(48, 346, '970', '0000-00-00', 'H3R', 'H3L', 0, '0000-00-00'),
(49, 14, '120', '0000-00-00', 'H203R', 'H203L', 0, '0000-00-00'),
(50, 129, '237', '0000-00-00', 'H11R', 'H11L', 0, '0000-00-00'),
(51, 34, '142', '0000-00-00', 'H55R', 'H55L', 0, '0000-00-00'),
(52, 316, '938', '0000-00-00', 'H169R', 'H169L', 0, '0000-00-00'),
(53, 157, '269', '0000-00-00', 'H215R', 'H215L', 0, '0000-00-00'),
(54, 425, '386', '2021-06-01', 'X126R', 'X30L', 8, '2021-06-02'),
(55, 73, '180', '0000-00-00', 'H148R', 'H148L', 0, '0000-00-00'),
(56, 43, '150', '0000-00-00', 'h220R', 'h220l', 0, '0000-00-00'),
(57, 32, '140', '0000-00-00', 'H223R', 'H223L', 0, '0000-00-00'),
(58, 155, '267', '0000-00-00', 'H237R', 'H237L', 0, '0000-00-00'),
(59, 26, '133', '0000-00-00', 'H133R', 'H133L', 0, '0000-00-00'),
(60, 119, '227', '0000-00-00', 'H269R', 'H269L', 0, '0000-00-00'),
(61, 307, '925', '0000-00-00', 'H26R', 'H26L', 0, '0000-00-00'),
(62, 58, '166', '0000-00-00', 'H54R', 'H54L', 0, '0000-00-00'),
(63, 367, '991', '0000-00-00', 'H175R', 'H175L', 0, '0000-00-00'),
(64, 435, '910', '2021-03-03', 'H269R', 'H269L', 8, '2021-06-04'),
(65, 314, '936', '0000-00-00', 'H231R', 'H231L', 0, '0000-00-00'),
(66, 93, '199', '0000-00-00', 'H51R', 'H51L', 0, '0000-00-00'),
(67, 33, '141', '0000-00-00', 'H162R', 'H162L', 0, '0000-00-00'),
(68, 161, '273', '0000-00-00', 'H116R', 'H116L', 0, '0000-00-00'),
(69, 289, '903', '0000-00-00', 'H38R', 'H38L', 0, '0000-00-00'),
(70, 83, '188', '0000-00-00', 'H164R', 'H164L', 0, '0000-00-00'),
(71, 83, '188', '0000-00-00', 'H164R', 'H164L', 0, '0000-00-00'),
(72, 443, '351', '2021-03-10', 'X121R', 'X121L', 8, '2021-06-04'),
(73, 171, '285', '0000-00-00', 'H172R', 'H172L', 0, '0000-00-00'),
(74, 120, '228', '0000-00-00', 'H195R', 'H195L', 0, '0000-00-00'),
(75, 333, '957', '0000-00-00', 'H15R', 'H15L', 0, '0000-00-00'),
(76, 84, '189', '0000-00-00', 'H20R', 'H20L', 0, '0000-00-00'),
(77, 448, '119', '2021-03-18', 'H116R', 'H116L', 8, '2021-06-04'),
(78, 50, '157', '0000-00-00', 'H253R', 'H253L', 0, '0000-00-00'),
(79, 287, '901', '0000-00-00', 'H147R', 'H147L', 0, '0000-00-00'),
(80, 374, '998', '0000-00-00', 'H20R', 'H20L', 0, '0000-00-00'),
(81, 44, '151', '0000-00-00', 'H59R', 'H59L', 0, '0000-00-00'),
(82, 76, '182', '0000-00-00', 'H61R', 'H61L', 0, '0000-00-00'),
(83, 163, '275', '0000-00-00', 'H257R', 'H257L', 0, '0000-00-00'),
(84, 336, '960', '0000-00-00', 'H60R', 'H60L', 0, '0000-00-00'),
(85, 37, '144', '0000-00-00', 'H21R', 'H21L', 0, '0000-00-00'),
(86, 457, '102', '2021-03-30', 'H165R', 'H165L', 8, '2021-06-04'),
(87, 103, '210', '0000-00-00', 'H283R', 'H283L', 0, '0000-00-00'),
(88, 2, '103', '0000-00-00', 'H139R', 'H139L', 0, '0000-00-00'),
(89, 28, '136', '0000-00-00', 'H193R', 'H193L', 0, '0000-00-00'),
(90, 144, '255', '0000-00-00', 'H250R', 'H250L', 0, '0000-00-00'),
(91, 355, '979', '0000-00-00', 'H157R', 'H157L', 0, '0000-00-00'),
(92, 199, '366', '0000-00-00', 'X19R', 'X19L', 0, '0000-00-00'),
(93, 81, '187', '0000-00-00', 'H19R', 'H19L', 0, '0000-00-00'),
(94, 46, '153', '0000-00-00', 'H143R', 'H143L', 0, '0000-00-00'),
(95, 251, '430', '0000-00-00', 'X38R', 'X38L', 0, '0000-00-00'),
(96, 303, '921', '0000-00-00', 'H240R', 'H240L', 0, '0000-00-00'),
(97, 154, '266', '0000-00-00', 'H236R', 'H236L', 0, '0000-00-00'),
(98, 302, '920', '0000-00-00', 'H19R', 'H19L', 0, '0000-00-00'),
(99, 59, '167', '0000-00-00', 'H3R', 'H3L', 0, '0000-00-00'),
(100, 268, '448', '0000-00-00', 'X39R', 'X39L', 0, '0000-00-00'),
(101, 302, '920', '0000-00-00', 'H19R', 'H19L', 0, '0000-00-00'),
(102, 473, '382', '2021-06-21', 'X19R', 'X19L', 2, '2021-06-21'),
(103, 473, '382', '2021-06-21', 'X19R', 'X19L', 2, '2021-06-21'),
(104, 475, '179', '2021-06-24', 'H308R', 'H308L', 8, '2021-06-30'),
(105, 299, '916', '0000-00-00', 'H239R', 'H239L', 0, '0000-00-00'),
(106, 370, '994', '0000-00-00', 'H198R', 'H198L', 0, '0000-00-00'),
(107, 305, '923', '0000-00-00', 'H249R', 'H249L', 0, '0000-00-00'),
(108, 39, '146', '0000-00-00', 'H173R', 'H173L', 0, '0000-00-00'),
(109, 344, '968', '0000-00-00', 'X54R', 'X54L', 0, '0000-00-00'),
(110, 148, '258', '0000-00-00', 'H270R', 'H270L', 0, '0000-00-00'),
(111, 38, '145', '0000-00-00', 'H115R', 'H115L', 0, '0000-00-00'),
(112, 159, '271', '0000-00-00', 'H91R', 'H91L', 0, '0000-00-00'),
(113, 38, '145', '0000-00-00', 'H115R', 'H115L', 0, '0000-00-00'),
(114, 159, '271', '0000-00-00', 'H91R', 'H91L', 0, '0000-00-00'),
(115, 148, '258', '0000-00-00', 'H270R', 'H270L', 0, '0000-00-00'),
(116, 4, '105', '0000-00-00', 'H260R', 'H153l', 0, '0000-00-00'),
(117, 342, '966', '0000-00-00', 'H235R', 'H235L', 0, '0000-00-00'),
(118, 69, '175', '0000-00-00', 'H50R', 'H50L', 0, '0000-00-00');

-- --------------------------------------------------------

--
-- Table structure for table `tbl_student`
--

CREATE TABLE IF NOT EXISTS `tbl_student` (
`student_id` int(11) NOT NULL,
  `student_name` varchar(250) NOT NULL,
  `student_phone` varchar(20) NOT NULL,
  `image` varchar(255) NOT NULL
) ENGINE=MyISAM AUTO_INCREMENT=51 DEFAULT CHARSET=latin1;

--
-- Dumping data for table `tbl_student`
--

INSERT INTO `tbl_student` (`student_id`, `student_name`, `student_phone`, `image`) VALUES
(1, 'Pauline S. Rich', '412-735-0224', 'image_1.jpg'),
(2, 'Sarah C. White', '320-552-9961', 'image_2.jpg'),
(3, 'Samuel L. Leslie', '201-324-8264', 'image_3.jpg'),
(4, 'Norma R. Manly', '478-322-4715', 'image_4.jpg'),
(5, 'Kimberly R. Castro', '479-966-6788', 'image_5.jpg'),
(6, 'Elaine R. Davis', '701-685-8912', 'image_6.jpg'),
(7, 'Concepcion S. Gardner', '607-829-8758', 'image_7.jpg'),
(8, 'Patricia J. White', '803-789-0429', 'image_8.jpg'),
(9, 'Michael M. Bothwell', '214-585-0737', 'image_9.jpg'),
(10, 'Ronald C. Vansickle', '630-571-4107', 'image_10.jpg'),
(11, 'Clarence A. Rich', '904-459-3747', 'image_11.jpg'),
(12, 'Elizabeth W. Peterson', '404-380-9481', 'image_12.jpg'),
(13, 'Renee R. Hewitt', '323-350-4973', 'image_13.jpg'),
(14, 'John K. Love', '337-229-1983', 'image_14.jpg'),
(15, 'Teresa J. Rincon', '216-394-6894', 'image_15.jpg'),
(16, 'Erin S. Huckaby', '503-284-8652', 'image_16.jpg'),
(17, 'Brian A. Handley', '989-304-7122', 'image_17.jpg'),
(18, 'Michelle A. Polk', '540-232-0351', 'image_18.jpg'),
(19, 'Wanda M. Brown', '718-262-7466', 'image_19.jpg'),
(20, 'Phillip A. Hatcher', '407-492-5727', 'image_20.jpg'),
(21, 'Dennis J. Terrell', '903-863-5810', 'image_21.jpg'),
(22, 'Britney F. Johnson', '972-421-6933', 'image_22.jpg'),
(23, 'Rachelle J. Martin', '920-397-4224', 'image_23.jpg'),
(24, 'Leila E. Ledoux', '615-425-9930', 'image_24.jpg'),
(25, 'Darrell A. Fields', '708-887-1913', 'image_25.jpg'),
(26, 'Linda D. Carter', '909-386-7998', 'image_26.jpg'),
(27, 'Melva J. Palmisano', '630-643-8763', 'image_27.jpg'),
(28, 'Jessica V. Windham', '513-807-9224', 'image_28.jpg'),
(29, 'Karen T. Martin', '847-385-1621', 'image_29.jpg'),
(30, 'Jack K. McDonough', '561-641-4509', 'image_30.jpg'),
(31, 'John M. Williams', '508-269-9346', 'image_31.jpg'),
(32, 'Amelia W. Davis', '347-537-8052', 'image_32.jpg'),
(33, 'Gertrude W. Lawrence', '510-702-7415', 'image_33.jpg'),
(34, 'Michael L. Harris', '252-219-4076', 'image_34.jpg'),
(35, 'Casey A. Groves', '810-334-9674', 'image_35.jpg'),
(36, 'James H. Wilson', '865-259-6772', 'image_36.jpg'),
(37, 'James A. Wesley', '443-217-1859', 'image_37.jpg'),
(38, 'Armando C. Gay', '716-252-9230', 'image_38.jpg'),
(39, 'James M. Duarte', '402-840-0541', 'image_39.jpg'),
(40, 'Jason E. West', '360-610-7730', 'image_40.jpg'),
(41, 'Gloria H. Saucedo', '205-861-3306', 'image_41.jpg'),
(42, 'Paul T. Moody', '914-683-4994', 'image_42.jpg'),
(43, 'Sandra L. Williams', '310-335-1336', 'image_43.jpg'),
(44, 'Elaine T. Deville', '626-513-8306', 'image_44.jpg'),
(45, 'Robyn L. Spangler', '754-224-7023', 'image_45.jpg'),
(46, 'Sam A. Pino', '806-823-5344', 'image_46.jpg'),
(47, 'Joseph H. Marble', '201-917-2804', 'image_47.jpg'),
(48, 'Mark M. Bassett', '206-592-4665', 'image_48.jpg'),
(49, 'Edgar M. Billy', '978-365-0324', 'image_49.jpg'),
(50, 'Connie M. Yang', '815-288-5435', 'image_50.jpg');

-- --------------------------------------------------------

--
-- Table structure for table `tracking_units`
--

CREATE TABLE IF NOT EXISTS `tracking_units` (
`uid` int(11) NOT NULL,
  `serialno` varchar(255) NOT NULL,
  `assettype` varchar(255) NOT NULL,
  `description` varchar(255) NOT NULL,
  `status` varchar(255) NOT NULL,
  `truck` varchar(255) NOT NULL
) ENGINE=InnoDB AUTO_INCREMENT=202 DEFAULT CHARSET=utf8;

--
-- Dumping data for table `tracking_units`
--

INSERT INTO `tracking_units` (`uid`, `serialno`, `assettype`, `description`, `status`, `truck`) VALUES
(1, 'Serialno', 'Mobile device', 'Configuration group', '', 'Asset description'),
(2, '254843994207', 'FM 3306/3316', 'Toyota 3L - FM 3306/3316 - GPS Speed - RPM Signal - FM 3306/3316', 'Installed', 'C07'),
(3, '263 772 147195', 'FM 3306/3316', 'Toyota 3L - FM 3306/3316 - GPS Speed - RPM Signal - FM 3306/3316', 'Installed', 'C10'),
(4, '', 'FM 3306/3316', 'Madza T35 - FM 3306/3316 - GPS Speed - RPM Signal - FM 3306/3316', 'Installed', 'C14'),
(5, '263 772 147 198', 'FM 3306/3316', 'Toyota 3L - FM 3306/3316 - GPS Speed - RPM Signal - FM 3306/3316', 'Installed', 'C19'),
(6, '263 772 149011', 'FM 3306/3316', 'Toyota 3L - FM 3306/3316 - GPS Speed - RPM Signal - FM 3306/3316', 'Installed', 'C25'),
(7, '', 'FM 3306/3316', 'Toyota 3L - FM 3306/3316 - VSS - RPM Signal - FM 3306/3316', 'Installed', 'C26'),
(8, '263 772 185459', 'FM 3306/3316', 'Toyota Coasta - FM 3306/3316 - VSS - RPM Signal - FM 3306/3316', 'Installed', 'C28'),
(9, '', 'FM 3306/3316', 'Hyundai H100 - FM 3306/3316 - GPS Speed - RPM Signal - FM 3306/3316', 'Installed', 'C46'),
(10, '263 772 186097', 'FM 3306/3316', 'Hyundai H100 - FM 3306/3316 - GPS Speed - RPM Signal - FM 3306/3316', 'Installed', 'C51'),
(11, '', 'VT 1330 (Motorcycle Track and Trace)', 'Toyota 3L - FM 3306/3316 - GPS Speed - RPM Signal', 'Installed', 'C53'),
(12, '2.63772E+11', 'FM 3507i/3517i', 'Powerstar FT5- FM 3517i-GPS Speed-RPM Signal-FM-3517i', 'Installed', 'C57'),
(13, '', 'FM 3507i/3517i', 'Toyota Hilux 2.4L - FM 3507i/3517i - J1708: J1587 Rev 1.4.0.3 - CAN Speed - CAN RPM', 'Installed', 'C58'),
(14, '', 'FM 3507i/3517i', 'Toyota Hilux 2.4L - FM 3507i/3517i - J1708: J1587 Rev 1.4.0.3 - CAN Speed - CAN RPM', 'Installed', 'C59'),
(15, '', 'FM 3507i/3517i', 'Toyota Hilux 2.4L - FM 3507i/3517i - J1708: J1587 Rev 1.4.0.3 - CAN Speed - CAN RPM', 'Installed', 'C62'),
(16, '2.63772E+11', 'FM 3507i/3517i', 'Toyota Hilux 2.4L - FM 3507i/3517i - J1708: J1587 Rev 1.4.0.3 - CAN Speed - CAN RPM', 'Installed', 'C63'),
(17, '263 772 148347', 'FM 3306/3316', 'Detroit/DETROIT - J1708: J1587- FM 3306/3316 - GPS Speed - CAN RPM', 'Installed', 'H11'),
(18, '', 'FM 3306/3316', 'Detroit/DETROIT - J1708: J1587- FM 3306/3316 - GPS Speed - CAN RPM', 'Installed', 'K01'),
(19, '263 0772 148357', 'FM 3306/3316', 'Cummins/CELECT - J1708: J1587 - FM 3306/3316 - GPS Speed - RPM Signal', 'Installed', 'K12'),
(20, '', 'FM 3306/3316', 'Detroit/DETROIT - J1708: J1587- FM 3306/3316 - GPS Speed - CAN RPM', 'Installed', 'L12'),
(21, '263 772 185477', 'FM 3306/3316', 'Cummins/CELECT - J1708: 1587 - FM - 3306/3316 - CAN SPEED - CAN RPM', 'Installed', 'L14'),
(22, '', 'FM 3306/3316', 'Cummins/DETROIT - J1708: J1587 - FM 3306/3316 - VSS CAN RPM - FM 3306/3316', 'Installed', 'L16'),
(23, '263 772 155476', 'FM 3306/3316', 'Detroit/DETROIT - J1708: J1587- FM 3306/3316 - GPS Speed - CAN RPM', 'Installed', 'LEO007'),
(24, '263 0772 148323', 'FM 3607i/3617i', 'Cummins/CELECT - J1708: J1587 - FM 3607i/3617i - CAN Speed - CAN RPM - FM 3607i/3617i', 'Installed', 'LEO016'),
(25, '', 'FM 3306/3316', 'Detroit/DETROIT - J1708: J1587 - FM 3306/3316 - VSS RPM Signal - FM 3306/3316', 'Installed', 'LEO017'),
(26, '263 772 185497', 'FM 3306/3316', 'Detroit/DETROIT - J1708: J1587 - FM 3306/3316 - GPS Speed - RPM Signal - FM 3306/3316', 'Installed', 'LEO040'),
(27, '263 772 155500', 'FM 3306/3316', 'Detroit/DETROIT - J1708: J1587- FM 3306/3316 - GPS Speed - CAN RPM', 'Installed', 'LEO112'),
(28, '', 'FM 3306/3316', 'Detroit/DETROIT - J1708: J1587- FM 3306/3316 - GPS Speed - CAN RPM', 'Installed', 'LEO118'),
(29, '', 'FM 3306/3316', 'Detroit/DETROIT - J1708: J1587 - FM 3306/3316 - VSS RPM Signal - FM 3306/3316', 'Not Installed', 'LEO120'),
(30, '', 'FM 3306/3316', 'Detroit/DETROIT - J1708: J1587 - FM 3306/3316 - CAN Speed - CAN RPM', 'Installed', 'LEO125'),
(31, '263 772 185486', 'FM 3306/3316', 'Detroit/DETROIT - J1708: J1587 - FM 3306/3316 - CAN Speed - CAN RPM', 'Not Installed', 'LEO133 Scrapped'),
(32, '263 772 185475', 'FM 3306/3316', 'Detroit/DETROIT - J1708: J1587 - FM 3306/3316 - CAN Speed - CAN RPM', 'Not Installed', 'LEO136'),
(33, '263 0772 148468', 'FM 3306/3316', 'Detroit/DETROIT - J1708: J1587 - FM 3306/3316 - CAN Speed - CAN RPM', 'Not Installed', 'LEO142 Scrapped'),
(34, '263 0772 148328', 'FM 3306/3316', 'Detroit/DETROIT - J1708: J1587 - FM 3306/3316 - CAN Speed - CAN RPM', 'Not Installed', 'LEO149 Scrapped'),
(35, '263 0772 000 000', 'FM 3507i/3517i', 'Detroit/DETROIT - J1708: J1587 - FM 3507i/3517i - CAN Speed CAN RPM - FM 3507i/3517i', 'Installed', 'LEO163'),
(36, '', 'FM 3507i/3517i', 'Detroit/DETROIT - J1708: J1587 - FM 3507i/3517i - CAN Speed CAN RPM - FM 3507i/3517i', 'Installed', 'LEO169'),
(37, '263 0782 712689', 'FM 3607i/3617i', 'Detroit/DETROIT - J1708: J1587 - FM 3607i/3617i - CAN Speed - CAN RPM - FM 3607i/3617i', 'Installed', 'LEO187'),
(38, '263 0772 148379', 'FM 3306/3316', 'Detroit/DETROIT - J1708: J1587- FM 3306/3316 - GPS Speed - CAN RPM', 'Installed', 'LEO191'),
(39, '2.63077E+12', 'FM 3607i/3617i', 'Cummins/Argosy ISX 500 - J1708: J1587 - FM 3607i - CAN Speed - CAN RPM', 'Installed', 'LEO215'),
(40, '263 0772 148409', 'FM 3306/3316', 'Detroit/DETROIT - J1708: J1587 - FM 3306/3316 - VSS RPM Signal - FM 3306/3316', 'Installed', 'LEO021'),
(41, '', 'FM 3306/3316', 'Detroit/DETROIT - J1708: J1587- FM 3306/3316 - GPS Speed - CAN RPM', 'Installed', 'LEO024'),
(42, '263 0772 148418', 'FM 3306/3316', 'Cummins/CELECT - J1708: 1587 - FM - 3306/3316 - CAN SPEED - CAN RPM', 'Installed', 'LEO028'),
(43, '263 0772 148419', 'FM 3306/3316', 'Detroit/DETROIT - J1708: J1587 - FM 3306/3316 - CAN Speed - CAN RPM', 'Installed', 'LEO068'),
(44, '263 0772 148364', 'FM 3306/3316', 'Detroit/DETROIT - J1708: J1587 - FM 3306/3316 - CAN Speed - CAN RPM', 'Installed', 'LEO069'),
(45, '263 0772 148305', 'FM 3306/3316', 'Detroit/DETROIT - J1708: J1587 - FM 3306/3316 - CAN Speed - CAN RPM', 'Installed', 'LEO071'),
(46, '', 'FM 3306/3316', 'Detroit/DETROIT - J1708: J1587- FM 3306/3316 - GPS Speed - CAN RPM', 'Installed', 'LEO087'),
(47, '263772 152 671', 'FM 3306/3316', 'Detroit/DETROIT - J1708: J1587 - FM 3306/3316 - CAN Speed - CAN RPM', 'Installed', 'LEO088'),
(48, '263 0772 155471', 'FM 3306/3316', 'Detroit/DETROIT - J1708: J1587 - FM 3306/3316 - CAN Speed - CAN RPM', 'Installed', 'LEO115'),
(49, '263 772 185468', 'FM 3306/3316', 'Detroit/DETROIT - J1708: J1587 - FM 3306/3316 - CAN Speed - CAN RPM', 'Installed', 'LEO137'),
(50, '263 0772 155487', 'FM 3306/3316', 'Detroit/DETROIT - J1708: J1587 - FM 3306/3316 - CAN Speed - CAN RPM', 'Installed', 'LEO144'),
(51, '', 'FM 3507i/3517i', 'Detroit/DETROIT - J1708: J1587 - FM 3507i/3517i - CAN Speed CAN RPM - FM 3507i/3517i', 'Not Installed', 'LEO174'),
(52, '', 'FM 3306/3316', 'Detroit/DETROIT - J1708: J1587- FM 3306/3316 - GPS Speed - CAN RPM', 'Not Installed', 'LEO175'),
(53, '263 0772 155480', 'FM 3306/3316', 'Detroit/DETROIT - J1708: J1587 - FM 3306/3316 - CAN Speed - CAN RPM', 'Not Installed', 'LEO177'),
(54, '263 782 712686', 'FM 3306/3316', 'Detroit/DETROIT - J1708: J1587 - FM 3306/3316 - CAN Speed - CAN RPM', 'Not Installed', 'LEO183'),
(55, '', 'FM 3607i/3617i', 'Detroit/DETROIT - J1708: J1587 - FM 3607i/3617i - GPS Speed - CAN RPM - FM 3607i/3617i', 'Not Installed', 'LEO195'),
(56, '263 772 155473', 'FM 3306/3316', 'Cummins/CELECT - J1708: 1587 - FM - 3306/3316 - CAN SPEED - CAN RPM', 'Installed', 'H04'),
(57, '263 772 148311', 'FM 3306/3316', 'Detroit/DETROIT - J1708: J1587- FM 3306/3316 - GPS Speed - CAN RPM', 'Installed', 'H07'),
(58, '263 0772 148360', 'FM 3306/3316', 'Cummins/CELECT - J1708: 1587 - FM - 3306/3316 - CAN SPEED - CAN RPM', 'Installed', 'H08'),
(59, '263 0772 148403', 'FM 3306/3316', 'Cummins/CELECT - J1708: 1587 - FM - 3306/3316 - CAN SPEED - CAN RPM', 'Installed', 'H10'),
(60, '263772 185 486', 'FM 3507i/3517i', 'Detroit/DETROIT - J1708: J1587 - FM 3507i/3517i - CAN Speed CAN RPM - FM 3507i/3517i', 'Installed', 'H12'),
(61, '', 'FM 3507i/3517i', 'Detroit/DETROIT - J1708: J1587 - FM 3507i/3517i - GPS Speed - CAN RPM - FM 3507i/3517i', 'Installed', 'H13'),
(62, '263 0772 148350', 'FM 3306/3316', 'Cummins/CELECT - J1708: J1587 - FM 3306/3316 - GPS Speed - RPM Signal', 'Installed', 'H14'),
(63, '263 772 185457', 'FM 3306/3316', 'Detroit/DETROIT - J1708: J1587- FM 3306/3316 - GPS Speed - CAN RPM', 'Installed', 'H15'),
(64, '263 0772 148317', 'FM 3306/3316', 'Cummins/CELECT - J1708: 1587 - FM - 3306/3316 - CAN SPEED - CAN RPM', 'Installed', 'H16'),
(65, '263 0772 148310', 'FM 3306/3316', 'Cummins/CELECT - J1708: 1587 - FM - 3306/3316 - CAN SPEED - CAN RPM', 'Installed', 'H17'),
(66, '263 772 148330', 'FM 3306/3316', 'Cummins/CELECT - J1708: 1587 - FM - 3306/3316 - CAN SPEED - CAN RPM', 'Installed', 'H18'),
(67, '263 0772 148407', 'FM 3306/3316', 'Cummins/CELECT - J1708: 1587 - FM - 3306/3316 - CAN SPEED - CAN RPM', 'Installed', 'H19'),
(68, '', 'FM 3306/3316', 'Detroit/DETROIT - J1708: J1587- FM 3306/3316 - GPS Speed - CAN RPM', 'Installed', 'K02'),
(69, '263 0772 148383', 'FM 3306/3316', 'Test Home Group', 'Installed', 'K07'),
(70, '263 0772 148415', 'FM 3306/3316', 'Detroit/DETROIT - J1708: J1587- FM 3306/3316 - GPS Speed - CAN RPM', 'Installed', 'K13'),
(71, '263 0772 148420', 'FM 3306/3316', 'Detroit/DETROIT - J1708: J1587 - FM 3306/3316 - CAN Speed - CAN RPM', 'Installed', 'K14'),
(72, '263 0772 148405', 'FM 3306/3316', 'Cummins/CELECT - J1708: J1587 - FM 3306/3316 - GPS Speed - RPM Signal', 'Installed', 'K15'),
(73, '263 0772 148366', 'FM 3306/3316', 'Test Home Group', 'Installed', 'K16'),
(74, '263 772 185437', 'FM 3306/3316', 'Cummins/CELECT - J1708: J1587 - FM 3306/3316 - GPS Speed - RPM Signal', 'Installed', 'K18'),
(75, '263 0772 148399', 'FM 3306/3316', 'Detroit/DETROIT - J1708: J1587 - FM 3306/3316 - CAN Speed - CAN RPM', 'Installed', 'L11'),
(76, '', 'FM 3306/3316', 'Cummins/DETROIT - J1708: J1587 - FM 3306/3316 - VSS CAN RPM - FM 3306/3316', 'Installed', 'L15'),
(77, '263 0772 148337', 'FM 3306/3316', 'ISX 500', 'Installed', 'L17'),
(78, '263 0772 148423', 'FM 3306/3316', 'ISX 500', 'Installed', 'L18'),
(79, '', 'FM 3306/3316', 'ISX 500', 'Installed', 'LEO001'),
(80, '', 'FM 3306/3316', 'ISX 500', 'Installed', 'LEO002'),
(81, '', 'FM 3306/3316', 'ISX 500', 'Installed', 'LEO003'),
(82, '', 'FM 3306/3316', 'ISX 500', 'Installed', 'LEO004'),
(83, '', 'FM 3306/3316', 'ISX 500', 'Installed', 'LEO005'),
(84, '', 'FM 3306/3316', 'ISX 500', 'Installed', 'LEO006'),
(85, '', 'FM 3306/3316', 'Detroit/DETROIT - J1708: J1587- FM 3306/3316 - GPS Speed - CAN RPM', 'Installed', 'LEO008'),
(86, '263 0772 151806', 'FM 3306/3316', 'Detroit/DETROIT - J1708: J1587- FM 3306/3316 - GPS Speed - CAN RPM', 'Installed', 'LEO009'),
(87, '263 0772 148400', 'FM 3306/3316', 'Detroit/DETROIT - J1708: J1587 - FM 3306/3316 - CAN Speed - CAN RPM', 'Installed', 'LEO010'),
(88, '', 'FM 3306/3316', 'Detroit/DETROIT - J1708: J1587- FM 3306/3316 - GPS Speed - CAN RPM', 'Installed', 'LEO011'),
(89, '263 0772 148340', 'FM 3306/3316', 'Detroit/DETROIT - J1708: J1587 - FM 3306/3316 - CAN Speed - CAN RPM', 'Installed', 'LEO012'),
(90, '263 0772 185495', 'FM 3306/3316', 'Detroit/DETROIT - J1708: J1587 - FM 3306/3316 - CAN Speed - CAN RPM', 'Installed', 'LEO013'),
(91, '', 'FM 3306/3316', 'Detroit/DETROIT - J1708: J1587- FM 3306/3316 - GPS Speed - CAN RPM', 'Installed', 'LEO014'),
(92, '', 'FM 3306/3316', 'Detroit/DETROIT - J1708: J1587 - FM 3607i/3617i - GPS Speed - CAN RPM - FM 3306/3316', 'Installed', 'LEO015'),
(93, '', 'FM 3306/3316', 'Detroit/DETROIT - J1708: J1587- FM 3306/3316 - GPS Speed - CAN RPM', 'Installed', 'LEO018'),
(94, '263 0772 148365', 'FM 3306/3316', 'Cummins/CELECT - J1708: 1587 - FM - 3306/3316 - CAN SPEED - CAN RPM', 'Installed', 'LEO019'),
(95, '263 772 148 387', 'FM 3507i/3517i', 'Detroit/DETROIT - J1708: J1587 - FM 3507i/3517i - CAN Speed CAN RPM - FM 3507i/3517i', 'Installed', 'LEO020'),
(96, '', 'FM 3306/3316', 'Detroit/DETROIT - J1708: J1587 - FM 3306/3316 - CAN Speed - CAN RPM', 'Installed', 'LEO022'),
(97, '', 'FM 3306/3316', 'Detroit/DETROIT - J1708: J1587- FM 3306/3316 - GPS Speed - CAN RPM', 'Installed', 'LEO023'),
(98, '263 0772 148309', 'FM 3306/3316', 'Detroit/DETROIT - J1708: J1587- FM 3306/3316 - GPS Speed - CAN RPM', 'Installed', 'LEO025'),
(99, '263 0772 148397', 'FM 3306/3316', 'Cummins/CELECT - J1708: 1587 - FM - 3306/3316 - CAN SPEED - CAN RPM', 'Installed', 'LEO026'),
(100, '263 0772 148349', 'FM 3306/3316', 'Detroit/DETROIT - J1708: J1587- FM 3306/3316 - GPS Speed - CAN RPM', 'Installed', 'LEO029'),
(101, '', 'FM 3306/3316', 'Detroit/DETROIT - J1708: J1587- FM 3306/3316 - GPS Speed - CAN RPM', 'Installed', 'LEO030'),
(102, '263 0772 148413', 'FM 3306/3316', 'Test Home Group', 'Installed', 'LEO031'),
(103, '263 0772 148314', 'FM 3306/3316', 'Detroit/DETROIT - J1708: J1587- FM 3306/3316 - GPS Speed - CAN RPM', 'Installed', 'LEO032'),
(104, '263 0772 148381', 'FM 3306/3316', 'Cummins/CELECT - J1708: 1587 - FM - 3306/3316 - CAN SPEED - CAN RPM', 'Installed', 'LEO033'),
(105, '263 0772 148373', 'FM 3306/3316', 'Test Home Group', 'Installed', 'LEO034'),
(106, '', 'FM 3607i/3617i', 'Detroit/DETROIT - J1708: J1587 - FM 3607i/3617i - GPS Speed - CAN RPM - FM 3607i/3617i', 'Installed', 'LEO035'),
(107, '263 0772 148348', 'FM 3306/3316', 'Cummins/CELECT - J1708: 1587 - FM - 3306/3316 - CAN SPEED - CAN RPM', 'Installed', 'LEO037'),
(108, '263 0772 148378', 'FM 3306/3316', 'Detroit/DETROIT - J1708: J1587 - FM3306/3316 - CAN Speed - CAN RPM - FM 3306/3316', 'Installed', 'LEO038'),
(109, '263 0772 148385', 'FM 3306/3316', 'Test Home Group', 'Installed', 'LEO039'),
(110, '263 0772 148334', 'FM 3306/3316', 'Detroit/DETROIT - J1708: J1587 - FM 3306/3316 - CAN Speed - CAN RPM', 'Installed', 'LEO041'),
(111, '263 0772 148332', 'FM 3306/3316', 'Detroit/DETROIT - J1708: J1587 - FM 3306/3316 - CAN Speed - CAN RPM', 'Installed', 'LEO043'),
(112, '263 772 148316', 'FM 3306/3316', 'Detroit/DETROIT - J1708: J1587 - FM 3306/3316 - CAN Speed - CAN RPM', 'Installed', 'LEO044'),
(113, '263 0772 148394', 'FM 3306/3316', 'Detroit/DETROIT - J1708: J1587 - FM 3306/3316 - CAN Speed - CAN RPM', 'Installed', 'LEO045'),
(114, '263 0772 185560', 'FM 3306/3316', 'Detroit/DETROIT - J1708: J1587 - FM 3306/3316 - CAN Speed - CAN RPM', 'Installed', 'LEO046'),
(115, '263 772 148408', 'FM 3306/3316', 'Detroit/DETROIT - J1708: J1587 - FM 3306/3316 - CAN Speed - CAN RPM', 'Installed', 'LEO047'),
(116, '263 0782 713662', 'FM 3306/3316', 'Detroit/DETROIT - J1708: J1587 - FM 3306/3316 - CAN Speed - CAN RPM', 'Installed', 'LEO048'),
(117, '263 0772 148392', 'FM 3306/3316', 'Detroit/DETROIT - J1708: J1587 - FM 3306/3316 - CAN Speed - CAN RPM', 'Installed', 'LEO049'),
(118, '263 0772 148345', 'FM 3306/3316', 'Detroit/DETROIT - J1708: J1587 - FM 3306/3316 - CAN Speed - CAN RPM', 'Installed', 'LEO050'),
(119, '263 0772 148341', 'FM 3306/3316', 'Detroit/DETROIT - J1708: J1587 - FM 3306/3316 - CAN Speed - CAN RPM', 'Installed', 'LEO051'),
(120, '263 0772 148388', 'FM 3306/3316', 'Detroit/DETROIT - J1708: J1587 - FM 3306/3316 - CAN Speed - CAN RPM', 'Installed', 'LEO052'),
(121, '263 0772 148318', 'FM 3306/3316', 'Detroit/DETROIT - J1708: J1587 - FM 3306/3316 - CAN Speed - CAN RPM', 'Installed', 'LEO053'),
(122, '263 0772 148371', 'FM 3306/3316', 'Detroit/DETROIT - J1708: J1587 - FM 3306/3316 - CAN Speed - CAN RPM', 'Installed', 'LEO054'),
(123, '263 0772 148312', 'FM 3306/3316', 'Detroit/DETROIT - J1708: J1587 - FM 3306/3316 - CAN Speed - CAN RPM', 'Installed', 'LEO055'),
(124, '263 0772 148343', 'FM 3306/3316', 'Detroit/DETROIT - J1708: J1587 - FM 3306/3316 - CAN Speed - CAN RPM', 'Installed', 'LEO056'),
(125, '263 0772 148370', 'FM 3306/3316', 'Detroit/DETROIT - J1708: J1587 - FM 3306/3316 - CAN Speed - CAN RPM', 'Installed', 'LEO058'),
(126, '263 0772 148391', 'FM 3306/3316', 'Detroit/DETROIT - J1708: J1587 - FM 3306/3316 - CAN Speed - CAN RPM', 'Installed', 'LEO059'),
(127, '263 0772 148424', 'FM 3306/3316', 'Detroit/DETROIT - J1708: J1587 - FM 3306/3316 - CAN Speed - CAN RPM', 'Installed', 'LEO060'),
(128, '263 0772 148304', 'FM 3306/3316', 'Detroit/DETROIT - J1708: J1587 - FM 3306/3316 - CAN Speed - CAN RPM', 'Installed', 'LEO061'),
(129, '263 0772 148326', 'FM 3306/3316', 'Detroit/DETROIT - J1708: J1587 - FM 3306/3316 - CAN Speed - CAN RPM', 'Installed', 'LEO062'),
(130, '263 0772 148331', 'FM 3306/3316', 'Detroit/DETROIT - J1708: J1587- FM 3306/3316 - GPS Speed - CAN RPM', 'Installed', 'LEO064'),
(131, '263 0772 148300', 'FM 3306/3316', 'Detroit/DETROIT - J1708: J1587 - FM 3306/3316 - CAN Speed - CAN RPM', 'Installed', 'LEO065'),
(132, '263 0772 148372', 'FM 3306/3316', 'Detroit/DETROIT - J1708: J1587 - FM 3306/3316 - CAN Speed - CAN RPM - (I2) Trailer', 'Installed', 'LEO066'),
(133, '263 0772 148325', 'FM 3306/3316', 'Detroit/DETROIT - J1708: J1587 - FM 3306/3316 - CAN Speed - CAN RPM', 'Installed', 'LEO067'),
(134, '263 0772 148303', 'FM 3306/3316', 'Detroit/DETROIT - J1708: J1587 - FM 3306/3316 - CAN Speed - CAN RPM', 'Installed', 'LEO070'),
(135, '263 772 155483', 'FM 3306/3316', 'Detroit/DETROIT - J1708: J1587- FM 3306/3316 - GPS Speed - CAN RPM', 'Installed', 'LEO072'),
(136, '263 0772 148376', 'FM 3306/3316', 'Detroit/DETROIT - J1708: J1587 - FM 3607i/3617i - GPS Speed - CAN RPM - FM 3306/3316', 'Installed', 'LEO073'),
(137, '263 0772 148324', 'FM 3306/3316', 'Detroit/DETROIT - J1708: J1587 - FM 3306/3316 - CAN Speed - CAN RPM', 'Installed', 'LEO074'),
(138, '263 0772 148342', 'FM 3306/3316', 'Detroit/DETROIT - J1708: J1587 - FM 3306/3316 - CAN Speed - CAN RPM', 'Installed', 'LEO075'),
(139, '263 0772 148368', 'FM 3306/3316', 'Detroit/DETROIT - J1708: J1587 - FM 3306/3316 - CAN Speed - CAN RPM', 'Installed', 'LEO076'),
(140, '263 0772 148307', 'FM 3306/3316', 'Detroit/DETROIT - J1708: J1587 - FM 3306/3316 - CAN Speed - CAN RPM', 'Installed', 'LEO077'),
(141, '263 0772 148308', 'FM 3306/3316', 'Detroit/DETROIT - J1708: J1587 - FM 3306/3316 - CAN Speed - CAN RPM', 'Installed', 'LEO078'),
(142, '263 772 155522', 'FM 3306/3316', 'Detroit/DETROIT - J1708: J1587 - FM 3306/3316 - CAN Speed - CAN RPM', 'Installed', 'LEO079'),
(143, '263 0772 148422', 'FM 3306/3316', 'Detroit/DETROIT - J1708: J1587 - FM 3306/3316 - CAN Speed - CAN RPM', 'Installed', 'LEO080'),
(144, '263 0772 148302', 'FM 3306/3316', 'Detroit/DETROIT - J1708: J1587 - FM 3306/3316 - CAN Speed - CAN RPM', 'Installed', 'LEO081'),
(145, '263 0772 148414', 'FM 3306/3316', 'Detroit/DETROIT - J1708: J1587- FM 3306/3316 - GPS Speed - CAN RPM', 'Installed', 'LEO082'),
(146, '263 0772 148301', 'FM 3306/3316', 'Detroit/DETROIT - J1708: J1587 - FM 3306/3316 - CAN Speed - CAN RPM', 'Installed', 'LEO083'),
(147, '263 782 729577', 'FM 3306/3316', 'Detroit/DETROIT - J1708: J1587 - FM 3306/3316 - CAN Speed - CAN RPM', 'Installed', 'LEO084'),
(148, '260 0772 148380', 'FM 3306/3316', 'Detroit/DETROIT - J1708: J1587 - FM 3306/3316 - CAN Speed - CAN RPM', 'Installed', 'LEO085'),
(149, '263 0772 185482', 'FM 3306/3316', 'Detroit/DETROIT - J1708: J1587- FM 3306/3316 - GPS Speed - CAN RPM', 'Installed', 'LEO086'),
(150, '263 772 155523', 'FM 3306/3316', 'Detroit/DETROIT - J1708: J1587 - FM 3306/3316 - CAN Speed - CAN RPM', 'Installed', 'LEO090'),
(151, '', 'FM 3306/3316', 'Detroit/DETROIT - J1708: J1587 - FM 3306/3316 - CAN Speed - CAN RPM', 'Installed', 'LEO091'),
(152, '', 'FM 3306/3316', 'Detroit/DETROIT - J1708: J1587 - FM 3306/3316 - CAN Speed - CAN RPM', 'Installed', 'LEO092'),
(153, '', 'FM 3306/3316', 'Detroit/DETROIT - J1708: J1587 - FM 3306/3316 - CAN Speed - CAN RPM', 'Installed', 'LEO093'),
(154, '', 'FM 3306/3316', 'Detroit/DETROIT - J1708: J1587 - FM 3306/3316 - CAN Speed - CAN RPM', 'Installed', 'LEO094'),
(155, '263 772186108', 'FM 3607i/3617i', 'Detroit/DETROIT - J1708: J1587 - FM 3607i/3617i - CAN Speed - CAN RPM - FM 3607i/3617i', 'Installed', 'LEO095'),
(156, '', 'FM 3306/3316', 'Detroit/DETROIT - J1708: J1587 - FM 3306/3316 - CAN Speed - CAN RPM', 'Installed', 'LEO096'),
(157, '', 'FM 3306/3316', 'Detroit/DETROIT - J1708: J1587 - FM 3306/3316 - CAN Speed - CAN RPM', 'Installed', 'LEO097'),
(158, '', 'FM 3306/3316', 'Detroit/DETROIT - J1708: J1587- FM 3306/3316 - GPS Speed - CAN RPM', 'Installed', 'LEO099'),
(159, '', 'FM 3306/3316', 'Detroit/DETROIT - J1708: J1587- FM 3306/3316 - GPS Speed - CAN RPM', 'Installed', 'LEO100'),
(160, '263 782 759228', 'FM 3306/3316', 'Detroit/DETROIT - J1708: J1587- FM 3306/3316 - GPS Speed - CAN RPM', 'Installed', 'LEO101'),
(161, '263 0772 148356', 'FM 3306/3316', 'Detroit/DETROIT - J1708: J1587- FM 3306/3316 - GPS Speed - CAN RPM', 'Installed', 'LEO102'),
(162, '263 0772 148384', 'FM 3306/3316', 'Detroit/DETROIT - J1708: J1587 - FM 3306/3316 - CAN Speed - CAN RPM', 'Installed', 'LEO103'),
(163, '263 0772 155479', 'FM 3306/3316', 'Detroit/DETROIT - J1708: J1587- FM 3306/3316 - GPS Speed - CAN RPM', 'Installed', 'LEO104'),
(164, '263 0772 152736', 'FM 3306/3316', 'Detroit/DETROIT - J1708: J1587 - FM3306/3316 - CAN Speed - CAN RPM - FM 3306/3316', 'Installed', 'LEO105'),
(165, '2.63772E+11', 'FM 3507i/3517i', 'Detroit/DETROIT - J1708: J1587 - FM 3507i/3517i - CAN Speed CAN RPM - FM 3507i/3517i', 'Installed', 'LEO106'),
(166, '263 782 713665', 'FM 3306/3316', 'Detroit/DETROIT - J1708: J1587- FM 3306/3316 - GPS Speed - CAN RPM', 'Installed', 'LEO107'),
(167, '', 'FM 3507i/3517i', 'Detroit/DETROIT - J1708: J1587 - FM 3507i/3517i - CAN Speed CAN RPM - FM 3507i/3517i', 'Installed', 'LEO108'),
(168, '263 772 155541', 'FM 3306/3316', 'Detroit/DETROIT - J1708: J1587- FM 3306/3316 - GPS Speed - CAN RPM', 'Installed', 'LEO109'),
(169, '263 0772 155490', 'FM 3306/3316', 'Detroit/DETROIT - J1708: J1587- FM 3306/3316 - GPS Speed - CAN RPM', 'Installed', 'LEO110'),
(170, '', 'FM 3306/3316', 'Detroit/DETROIT - J1708: J1587- FM 3306/3316 - GPS Speed - CAN RPM', 'Installed', 'LEO111'),
(171, '', 'FM 3507i/3517i', 'Detroit/DETROIT - J1708: J1587 - FM 3507i/3517i - GPS Speed - CAN RPM - FM 3507i/3517i', 'Installed', 'LEO113'),
(172, '', 'FM 3306/3316', 'Detroit/DETROIT - J1708: J1587 - FM 3306/3316 - CAN Speed - CAN RPM', 'Installed', 'LEO114'),
(173, '263 0772 185550', 'FM 3306/3316', 'Detroit/DETROIT - J1708: J1587 - FM 3306/3316 - CAN Speed - CAN RPM', 'Installed', 'LEO116'),
(174, '263 772 148404', 'FM 3306/3316', 'Detroit/DETROIT - J1708: J1587 - FM 3306/3316 - CAN Speed - CAN RPM', 'Installed', 'LEO117'),
(175, '263 0772 148363', 'FM 3306/3316', 'Detroit/DETROIT - J1708: J1587 - FM 3306/3316 - CAN Speed - CAN RPM', 'Installed', 'LEO119'),
(176, '263 0772 185556', 'FM 3306/3316', 'Detroit/DETROIT - J1708: J1587 - FM 3306/3316 - CAN Speed - CAN RPM', 'Installed', 'LEO121'),
(177, '263 0772 155537', 'FM 3306/3316', 'Detroit/DETROIT - J1708: J1587 - FM 3306/3316 - CAN Speed - CAN RPM', 'Installed', 'LEO123'),
(178, '263 0772 185553', 'FM 3306/3316', 'Detroit/DETROIT - J1708: J1587 - FM 3306/3316 - CAN Speed - CAN RPM', 'Installed', 'LEO124'),
(179, '263 782 759222', 'FM 3306/3316', 'Detroit/DETROIT - J1708: J1587 - FM 3306/3316 - CAN Speed - CAN RPM', 'Installed', 'LEO126'),
(180, '263 772 185483', 'FM 3306/3316', 'Detroit/DETROIT - J1708: J1587 - FM 3306/3316 - CAN Speed - CAN RPM', 'Installed', 'LEO127'),
(181, '263 0772 147595', 'FM 3306/3316', 'Detroit/DETROIT - J1708: J1587 - FM 3306/3316 - CAN Speed - CAN RPM', 'Installed', 'LEO128'),
(182, '263 0782 0782713671', 'FM 3306/3316', 'Detroit/DETROIT - J1708: J1587 - FM 3306/3316 - CAN Speed - CAN RPM', 'Installed', 'LEO129'),
(183, '263 782 729573', 'FM 3306/3316', 'Detroit/DETROIT - J1708: J1587- FM 3306/3316 - GPS Speed - CAN RPM', 'Installed', 'LEO130'),
(184, '263 772 185480', 'FM 3306/3316', 'Detroit/DETROIT - J1708: J1587 - FM 3306/3316 - CAN Speed - CAN RPM', 'Installed', 'LEO131'),
(185, '263 772 185462', 'FM 3306/3316', 'Detroit/DETROIT - J1708: J1587 - FM 3306/3316 - CAN Speed - CAN RPM', 'Installed', 'LEO132'),
(186, '263 0772 185433', 'FM 3306/3316', 'Detroit/DETROIT - J1708: J1587 - FM 3306/3316 - CAN Speed - CAN RPM', 'Installed', 'LEO134'),
(187, '263 772 185464', 'FM 3306/3316', 'Detroit/DETROIT - J1708: J1587 - FM 3306/3316 - CAN Speed - CAN RPM', 'Installed', 'LEO135'),
(188, '263 0772 185455', 'FM 3306/3316', 'Detroit/DETROIT - J1708: J1587 - FM 3306/3316 - CAN Speed - CAN RPM', 'Installed', 'LEO139'),
(189, '263 0772 185450', 'FM 3306/3316', 'Detroit/DETROIT - J1708: J1587 - FM 3306/3316 - CAN Speed - CAN RPM', 'Installed', 'LEO140'),
(190, '263 772 147591', 'FM 3306/3316', 'Detroit/DETROIT - J1708: J1587 - FM 3306/3316 - CAN Speed - CAN RPM', 'Installed', 'LEO143'),
(191, '263 0772 185458', 'FM 3306/3316', 'Detroit/DETROIT - J1708: J1587 - FM 3306/3316 - CAN Speed - CAN RPM', 'Installed', 'LEO145'),
(192, '263 772 155504', 'FM 3306/3316', 'Detroit/DETROIT - J1708: J1587 - FM 3306/3316 - CAN Speed - CAN RPM', 'Installed', 'LEO146'),
(193, '263 0772 185471', 'FM 3306/3316', 'Detroit/DETROIT - J1708: J1587 - FM 3306/3316 - CAN Speed - CAN RPM', 'Installed', 'LEO148'),
(194, '263 772 185452', 'FM 3306/3316', 'Detroit/DETROIT - J1708: J1587 - FM 3306/3316 - CAN Speed - CAN RPM', 'Installed', 'LEO150'),
(195, '263 772 185442', 'FM 3306/3316', 'Detroit/DETROIT - J1708: J1587 - FM 3306/3316 - CAN Speed - CAN RPM', 'Installed', 'LEO151'),
(196, '263 772 185441', 'FM 3306/3316', 'Cummins/CELECT - J1708: 1587 - FM - 3306/3316 - CAN SPEED - CAN RPM', 'Installed', 'LEO152'),
(197, '263 772 152732', 'FM 3306/3316', 'Detroit/DETROIT - J1708: J1587 - FM 3306/3316 - CAN Speed - CAN RPM', 'Installed', 'LEO153'),
(198, '263 0782 713668', 'FM 3306/3316', 'Detroit/DETROIT - J1708: J1587 - FM 3306/3316 - CAN Speed - CAN RPM', 'Installed', 'LEO154'),
(199, '263 772 152712', 'FM 3306/3316', 'Detroit/DETROIT - J1708: J1587 - FM 3306/3316 - CAN Speed - CAN RPM', 'Installed', 'LEO155'),
(200, '', 'FM 3507i/3517i', 'Detroit/DETROIT - J1708: J1587 - FM 3507i/3517i - CAN Speed CAN RPM - FM 3507i/3517i', 'Installed', 'LEO156'),
(201, '263 782 708292', 'FM 3507i/3517i', 'Detroit/DETROIT - J1708: J1587 - FM 3507i/3517i - CAN Speed CAN RPM - FM 3507i/3517i', 'Installed', 'LEO157');

-- --------------------------------------------------------

--
-- Table structure for table `users`
--

CREATE TABLE IF NOT EXISTS `users` (
`userid` int(11) NOT NULL,
  `first_name` varchar(20) NOT NULL,
  `last_name` varchar(20) NOT NULL,
  `username` varchar(20) NOT NULL,
  `password` varchar(50) NOT NULL,
  `user_role` varchar(20) NOT NULL,
  `login_role` int(10) NOT NULL,
  `cellno` bigint(15) NOT NULL,
  `email` varchar(255) NOT NULL,
  `last_logged_in` varchar(100) NOT NULL
) ENGINE=InnoDB AUTO_INCREMENT=12 DEFAULT CHARSET=latin1;

--
-- Dumping data for table `users`
--

INSERT INTO `users` (`userid`, `first_name`, `last_name`, `username`, `password`, `user_role`, `login_role`, `cellno`, `email`, `last_logged_in`) VALUES
(0, 'test', 'test', 'test', '12345', '1', 1, 0, '', ''),
(1, 'Kudakwashe', 'Masangomai', 'Kudam', '54321', '9', 1, 263777696355, 'kudam775@gmail.com', '1626901101'),
(2, 'Kingsley', 'Chirova', 'kingc', '12345', '5', 1, 0, '', '1626342928'),
(3, 'Chrispen', 'Nyamudya', 'ChrisN', 'TheOne01', '9', 0, 263774808897, 'chrispen.nyamudya@sabot-group.com', '1618813358'),
(4, 'Kudzanai', 'Jirira', 'KudziJ', '12345', '5', 0, 263783052307, '', '1625459228'),
(5, 'Itai', 'Nyakatsari', 'ItaiN', '12345', '3', 0, 0, '', '1616661317'),
(6, 'Kuda', 'Chaurika', 'Kudac', '12345', '3', 0, 0, '', '1626343494'),
(7, 'Trust ', 'Matindife', 'TrustM', '12345', '3', 0, 0, '', '1620292643'),
(8, 'Payne', 'Chitowa', 'Paynec', '12345', '9', 0, 0, 'payne.chitowa@gmail.com', '1626244123'),
(9, 'McDonald', 'Andela', 'McdonaldM', '12345', '3', 0, 0, 'macdonaldandela@gmail.com', '1626343863'),
(10, 'Tatenda', 'Mangono', 'TatendaS', '12345', '3', 0, 0, '', '1618938203'),
(11, 'Paul', 'Tokurangei', 'pault', '12345', '3', 2, 782676608, 'tokurangeyi@gmail.com', '1626620685');

--
-- Indexes for dumped tables
--

--
-- Indexes for table `active_session`
--
ALTER TABLE `active_session`
 ADD PRIMARY KEY (`sessionid`), ADD KEY `sessionid` (`sessionid`);

--
-- Indexes for table `completed_repairs`
--
ALTER TABLE `completed_repairs`
 ADD PRIMARY KEY (`cr_id`);

--
-- Indexes for table `faults`
--
ALTER TABLE `faults`
 ADD PRIMARY KEY (`faultid`);

--
-- Indexes for table `fleet`
--
ALTER TABLE `fleet`
 ADD PRIMARY KEY (`fleetno`);

--
-- Indexes for table `fleetn`
--
ALTER TABLE `fleetn`
 ADD PRIMARY KEY (`fleetno`);

--
-- Indexes for table `repairs`
--
ALTER TABLE `repairs`
 ADD PRIMARY KEY (`jobcardno`);

--
-- Indexes for table `tanks`
--
ALTER TABLE `tanks`
 ADD PRIMARY KEY (`tankid`);

--
-- Indexes for table `tanks_history`
--
ALTER TABLE `tanks_history`
 ADD PRIMARY KEY (`tankhistid`);

--
-- Indexes for table `tbl_student`
--
ALTER TABLE `tbl_student`
 ADD PRIMARY KEY (`student_id`);

--
-- Indexes for table `tracking_units`
--
ALTER TABLE `tracking_units`
 ADD PRIMARY KEY (`uid`);

--
-- Indexes for table `users`
--
ALTER TABLE `users`
 ADD PRIMARY KEY (`userid`), ADD UNIQUE KEY `username` (`username`);

--
-- AUTO_INCREMENT for dumped tables
--

--
-- AUTO_INCREMENT for table `active_session`
--
ALTER TABLE `active_session`
MODIFY `sessionid` int(10) NOT NULL AUTO_INCREMENT,AUTO_INCREMENT=4;
--
-- AUTO_INCREMENT for table `completed_repairs`
--
ALTER TABLE `completed_repairs`
MODIFY `cr_id` int(10) NOT NULL AUTO_INCREMENT,AUTO_INCREMENT=275;
--
-- AUTO_INCREMENT for table `faults`
--
ALTER TABLE `faults`
MODIFY `faultid` int(11) NOT NULL AUTO_INCREMENT,AUTO_INCREMENT=36;
--
-- AUTO_INCREMENT for table `repairs`
--
ALTER TABLE `repairs`
MODIFY `jobcardno` int(11) NOT NULL AUTO_INCREMENT,AUTO_INCREMENT=29674;
--
-- AUTO_INCREMENT for table `tanks`
--
ALTER TABLE `tanks`
MODIFY `tankid` int(5) NOT NULL AUTO_INCREMENT,AUTO_INCREMENT=490;
--
-- AUTO_INCREMENT for table `tanks_history`
--
ALTER TABLE `tanks_history`
MODIFY `tankhistid` int(10) NOT NULL AUTO_INCREMENT,AUTO_INCREMENT=119;
--
-- AUTO_INCREMENT for table `tbl_student`
--
ALTER TABLE `tbl_student`
MODIFY `student_id` int(11) NOT NULL AUTO_INCREMENT,AUTO_INCREMENT=51;
--
-- AUTO_INCREMENT for table `tracking_units`
--
ALTER TABLE `tracking_units`
MODIFY `uid` int(11) NOT NULL AUTO_INCREMENT,AUTO_INCREMENT=202;
--
-- AUTO_INCREMENT for table `users`
--
ALTER TABLE `users`
MODIFY `userid` int(11) NOT NULL AUTO_INCREMENT,AUTO_INCREMENT=12;
/*!40101 SET CHARACTER_SET_CLIENT=@OLD_CHARACTER_SET_CLIENT */;
/*!40101 SET CHARACTER_SET_RESULTS=@OLD_CHARACTER_SET_RESULTS */;
/*!40101 SET COLLATION_CONNECTION=@OLD_COLLATION_CONNECTION */;
